sample_accession,run_accession,library_layout,read1,read2,read1_md5,read2_md5
SAMEA4762871,ERR2678639,PAIRED,fasp.sra.ebi.ac.uk:/vol1/fastq/ERR267/009/ERR2678639/ERR2678639_1.fastq.gz,fasp.sra.ebi.ac.uk:/vol1/fastq/ERR267/009/ERR2678639/ERR2678639_2.fastq.gz,2507040b5c6575a09f575644a9186706,c3ddc10375234de5f3da882a79c3a335
SAMEA4762872,ERR2678640,PAIRED,fasp.sra.ebi.ac.uk:/vol1/fastq/ERR267/000/ERR2678640/ERR2678640_1.fastq.gz,fasp.sra.ebi.ac.uk:/vol1/fastq/ERR267/000/ERR2678640/ERR2678640_2.fastq.gz,2923522f650e92849f19bf412df418b2,5ecb4b324024c15f088b5afa79f61de2
SAMEA4762870,ERR2678638,PAIRED,fasp.sra.ebi.ac.uk:/vol1/fastq/ERR267/008/ERR2678638/ERR2678638_1.fastq.gz,fasp.sra.ebi.ac.uk:/vol1/fastq/ERR267/008/ERR2678638/ERR2678638_2.fastq.gz,27c8fd1c6562504acc2be71689e7d49d,be2958a3106fc69bddc03e3cecb553b1
SAMN07422262,SRR5878348,PAIRED,fasp.sra.ebi.ac.uk:/vol1/fastq/SRR587/008/SRR5878348/SRR5878348_1.fastq.gz,fasp.sra.ebi.ac.uk:/vol1/fastq/SRR587/008/SRR5878348/SRR5878348_2.fastq.gz,dcb43e5c674e2a27d9ab6fdbf71d7617,7ee22f85fb8dcd877e0ba5e7ac92e4d9
SAMN07422262,SRR5878360,PAIRED,fasp.sra.ebi.ac.uk:/vol1/fastq/SRR587/000/SRR5878360/SRR5878360_1.fastq.gz,fasp.sra.ebi.ac.uk:/vol1/fastq/SRR587/000/SRR5878360/SRR5878360_2.fastq.gz,907fd314c6acceaef73bf8ffa2bbcab7,e7c85598dfa9e0d99c1f27225fe53879
SAMN07422269,SRR5878353,PAIRED,fasp.sra.ebi.ac.uk:/vol1/fastq/SRR587/003/SRR5878353/SRR5878353_1.fastq.gz,fasp.sra.ebi.ac.uk:/vol1/fastq/SRR587/003/SRR5878353/SRR5878353_2.fastq.gz,bfa64e916c8e610599fe2a0ffe0155ce,d50d4acbc4ee9210ae9e92ccfb3e3726
SAMN07422269,SRR5878338,PAIRED,fasp.sra.ebi.ac.uk:/vol1/fastq/SRR587/008/SRR5878338/SRR5878338_1.fastq.gz,fasp.sra.ebi.ac.uk:/vol1/fastq/SRR587/008/SRR5878338/SRR5878338_2.fastq.gz,704f65819c6346c4050ec05e096d182d,94383cbdb36d22fec88949955a206e5e
SAMN07422272,SRR5878346,PAIRED,fasp.sra.ebi.ac.uk:/vol1/fastq/SRR587/006/SRR5878346/SRR5878346_1.fastq.gz,fasp.sra.ebi.ac.uk:/vol1/fastq/SRR587/006/SRR5878346/SRR5878346_2.fastq.gz,f695c03830cd8dfab4b9f04c4e88a199,bdd18fccca13a638f3bc9646e015afe0
SAMN07422272,SRR5878341,PAIRED,fasp.sra.ebi.ac.uk:/vol1/fastq/SRR587/001/SRR5878341/SRR5878341_1.fastq.gz,fasp.sra.ebi.ac.uk:/vol1/fastq/SRR587/001/SRR5878341/SRR5878341_2.fastq.gz,f3ea703b94ec8a419852fec5db57ffdb,dda1d8bfb0b77c9d053c9fb60bb3ca67
SAMN07422271,SRR5878347,PAIRED,fasp.sra.ebi.ac.uk:/vol1/fastq/SRR587/007/SRR5878347/SRR5878347_1.fastq.gz,fasp.sra.ebi.ac.uk:/vol1/fastq/SRR587/007/SRR5878347/SRR5878347_2.fastq.gz,d7588b7c80e1ed35d75d9798f8b4b406,755cfd8d5641b02334330c72a2e29007
SAMN07422271,SRR5878340,PAIRED,fasp.sra.ebi.ac.uk:/vol1/fastq/SRR587/000/SRR5878340/SRR5878340_1.fastq.gz,fasp.sra.ebi.ac.uk:/vol1/fastq/SRR587/000/SRR5878340/SRR5878340_2.fastq.gz,e7933d39e9e04d1eae75ed23004f4090,eb63b2f0d39c601043f95f037b808a7a
SAMN07422268,SRR5878351,PAIRED,fasp.sra.ebi.ac.uk:/vol1/fastq/SRR587/001/SRR5878351/SRR5878351_1.fastq.gz,fasp.sra.ebi.ac.uk:/vol1/fastq/SRR587/001/SRR5878351/SRR5878351_2.fastq.gz,a227beec35e3397b42d8783b9a0829f2,9519f80e577e293bd01efd09a1f0dbe5
SAMN07422268,SRR5878354,PAIRED,fasp.sra.ebi.ac.uk:/vol1/fastq/SRR587/004/SRR5878354/SRR5878354_1.fastq.gz,fasp.sra.ebi.ac.uk:/vol1/fastq/SRR587/004/SRR5878354/SRR5878354_2.fastq.gz,5a7e86df58b29aa01c3f6411b0cdbc93,5841794ec290664c1ac99f33ed3ed191
SAMN02045559,SRR830337,PAIRED,fasp.sra.ebi.ac.uk:/vol1/fastq/SRR830/SRR830337/SRR830337_1.fastq.gz,fasp.sra.ebi.ac.uk:/vol1/fastq/SRR830/SRR830337/SRR830337_2.fastq.gz,699a0437073a9b18afba2c1a875e5957,f55d7f39a3ea49deb38867b77ad0a7a1
SAMN02045561,SRR830685,PAIRED,fasp.sra.ebi.ac.uk:/vol1/fastq/SRR830/SRR830685/SRR830685_1.fastq.gz,fasp.sra.ebi.ac.uk:/vol1/fastq/SRR830/SRR830685/SRR830685_2.fastq.gz,0a1d804e4fc1275a74901ea75aab74f7,55d341861ee59efeac9cbf7e81b34028
SAMN02045560,SRR830213,PAIRED,fasp.sra.ebi.ac.uk:/vol1/fastq/SRR830/SRR830213/SRR830213_1.fastq.gz,fasp.sra.ebi.ac.uk:/vol1/fastq/SRR830/SRR830213/SRR830213_2.fastq.gz,6f6e53bf85eef7fdc6b82b8c7d92ffb5,a20e0b3202e2dacfa76310ed680d4c45
SAMN03247209,SRR1692419,PAIRED,fasp.sra.ebi.ac.uk:/vol1/fastq/SRR169/009/SRR1692419/SRR1692419_1.fastq.gz,fasp.sra.ebi.ac.uk:/vol1/fastq/SRR169/009/SRR1692419/SRR1692419_2.fastq.gz,f4002580599dd6ec0f37254bdb6a733e,4ab8abb748398eae2e7afef1096e15a7
SAMN03252406,SRR1693624,PAIRED,fasp.sra.ebi.ac.uk:/vol1/fastq/SRR169/004/SRR1693624/SRR1693624_1.fastq.gz,fasp.sra.ebi.ac.uk:/vol1/fastq/SRR169/004/SRR1693624/SRR1693624_2.fastq.gz,4d3a8db22eea3bcb4656cde6bd19871c,20e354951ea6bc2f493a912dfe9de5b6
SAMN03252407,SRR1693654,PAIRED,fasp.sra.ebi.ac.uk:/vol1/fastq/SRR169/004/SRR1693654/SRR1693654_1.fastq.gz,fasp.sra.ebi.ac.uk:/vol1/fastq/SRR169/004/SRR1693654/SRR1693654_2.fastq.gz,f4566fa57e51e463d1060347b6e4ff7c,cac84f2ba72ccd411b1a6d0be312033a
SAMD00282813,DRR276776,PAIRED,fasp.sra.ebi.ac.uk:/vol1/fastq/DRR276/DRR276776/DRR276776_1.fastq.gz,fasp.sra.ebi.ac.uk:/vol1/fastq/DRR276/DRR276776/DRR276776_2.fastq.gz,b52231c70d04c6488782b27254862eed,0a5d8c68d9555e78293d7a26e850b052
SAMD00282814,DRR276777,PAIRED,fasp.sra.ebi.ac.uk:/vol1/fastq/DRR276/DRR276777/DRR276777_1.fastq.gz,fasp.sra.ebi.ac.uk:/vol1/fastq/DRR276/DRR276777/DRR276777_2.fastq.gz,77801d1410eabe7964138c5ec9cf0437,ef392a4ae229ae5e6652fd5d2c93bf34
SAMD00282815,DRR276778,PAIRED,fasp.sra.ebi.ac.uk:/vol1/fastq/DRR276/DRR276778/DRR276778_1.fastq.gz,fasp.sra.ebi.ac.uk:/vol1/fastq/DRR276/DRR276778/DRR276778_2.fastq.gz,34b5d1e24cfdb2e0d790b89c7b85b7ea,5a89bfd67de14d4cba69d6a3eac76328
SAMD00282816,DRR276779,PAIRED,fasp.sra.ebi.ac.uk:/vol1/fastq/DRR276/DRR276779/DRR276779_1.fastq.gz,fasp.sra.ebi.ac.uk:/vol1/fastq/DRR276/DRR276779/DRR276779_2.fastq.gz,07ecf1a247d67ae4d29f2b222a124908,4debe04d28e27f8ccad8d890103251d2
SAMD00282811,DRR276774,PAIRED,fasp.sra.ebi.ac.uk:/vol1/fastq/DRR276/DRR276774/DRR276774_1.fastq.gz,fasp.sra.ebi.ac.uk:/vol1/fastq/DRR276/DRR276774/DRR276774_2.fastq.gz,109957274650c750e09454129cbdbe34,adf8e7a791c81ae42ad1278656d12aac
SAMD00282812,DRR276775,PAIRED,fasp.sra.ebi.ac.uk:/vol1/fastq/DRR276/DRR276775/DRR276775_1.fastq.gz,fasp.sra.ebi.ac.uk:/vol1/fastq/DRR276/DRR276775/DRR276775_2.fastq.gz,fdfb1c355455fb87e38a8800d9330221,754ff11afe8085154f738a61df22d1b3
SAMN32301304,SRR22801890,PAIRED,fasp.sra.ebi.ac.uk:/vol1/fastq/SRR228/090/SRR22801890/SRR22801890_1.fastq.gz,fasp.sra.ebi.ac.uk:/vol1/fastq/SRR228/090/SRR22801890/SRR22801890_2.fastq.gz,63d8e55fdfae7847b2716b0e55ebe64d,0ceb4feffacde4d8f09d3c38b7e63797
SAMN32301305,SRR22801879,PAIRED,fasp.sra.ebi.ac.uk:/vol1/fastq/SRR228/079/SRR22801879/SRR22801879_1.fastq.gz,fasp.sra.ebi.ac.uk:/vol1/fastq/SRR228/079/SRR22801879/SRR22801879_2.fastq.gz,202c62199aa9b45e99c356586b68c351,fe0a24546f445913413a3ae00a6f5779
SAMN32301306,SRR22801868,PAIRED,fasp.sra.ebi.ac.uk:/vol1/fastq/SRR228/068/SRR22801868/SRR22801868_1.fastq.gz,fasp.sra.ebi.ac.uk:/vol1/fastq/SRR228/068/SRR22801868/SRR22801868_2.fastq.gz,9f676c9edccbeab473e0632abbb9ded2,a9953aef990661347e01dc6242685d60
SAMN32301302,SRR22801902,PAIRED,fasp.sra.ebi.ac.uk:/vol1/fastq/SRR228/002/SRR22801902/SRR22801902_1.fastq.gz,fasp.sra.ebi.ac.uk:/vol1/fastq/SRR228/002/SRR22801902/SRR22801902_2.fastq.gz,3ff6cceaf043e1faca06208eb846b837,8c9ad6e64c82ed82e0e0cb3df770db52
SAMN32301303,SRR22801901,PAIRED,fasp.sra.ebi.ac.uk:/vol1/fastq/SRR228/001/SRR22801901/SRR22801901_1.fastq.gz,fasp.sra.ebi.ac.uk:/vol1/fastq/SRR228/001/SRR22801901/SRR22801901_2.fastq.gz,0494ccd37f5b7da6e88ba15e71b3d6fd,f5cc35d11e25739d01392edba752acf0
SAMN32301307,SRR22801829,PAIRED,fasp.sra.ebi.ac.uk:/vol1/fastq/SRR228/029/SRR22801829/SRR22801829_1.fastq.gz,fasp.sra.ebi.ac.uk:/vol1/fastq/SRR228/029/SRR22801829/SRR22801829_2.fastq.gz,6be63997c8714b8d96791db38cb85530,1da8f153489f30fea56c2ae29168a7ba
SAMN32301310,SRR22801856,PAIRED,fasp.sra.ebi.ac.uk:/vol1/fastq/SRR228/056/SRR22801856/SRR22801856_1.fastq.gz,fasp.sra.ebi.ac.uk:/vol1/fastq/SRR228/056/SRR22801856/SRR22801856_2.fastq.gz,8aa39ee086ea03af9e1f557d244c84b9,db2d589694e11dd608adc70c067c2d64
SAMN32301311,SRR22801845,PAIRED,fasp.sra.ebi.ac.uk:/vol1/fastq/SRR228/045/SRR22801845/SRR22801845_1.fastq.gz,fasp.sra.ebi.ac.uk:/vol1/fastq/SRR228/045/SRR22801845/SRR22801845_2.fastq.gz,cfc755910ceb0962078d612f80f557e2,a7a36e3b6e1e9c5fd40bb87efdf4e54d
SAMN32301308,SRR22801818,PAIRED,fasp.sra.ebi.ac.uk:/vol1/fastq/SRR228/018/SRR22801818/SRR22801818_1.fastq.gz,fasp.sra.ebi.ac.uk:/vol1/fastq/SRR228/018/SRR22801818/SRR22801818_2.fastq.gz,dfe6cfe5288fe9722bdc96792ac74115,c7cb855825836d852ff09378860e0300
SAMN32301309,SRR22801807,PAIRED,fasp.sra.ebi.ac.uk:/vol1/fastq/SRR228/007/SRR22801807/SRR22801807_1.fastq.gz,fasp.sra.ebi.ac.uk:/vol1/fastq/SRR228/007/SRR22801807/SRR22801807_2.fastq.gz,39177538a3d7e9dc5647c918aa093e51,26363fc0f3ab75e1827f129cb427c4ef
SAMN32301397,SRR22801839,PAIRED,fasp.sra.ebi.ac.uk:/vol1/fastq/SRR228/039/SRR22801839/SRR22801839.fastq.gz,,0ec6f053a5d16ddd9a37edaec0d4d94b,
SAMN32301393,SRR22801843,PAIRED,fasp.sra.ebi.ac.uk:/vol1/fastq/SRR228/043/SRR22801843/SRR22801843.fastq.gz,,d224e5c35b0eae9db269251fc8199477,
SAMN32301394,SRR22801842,PAIRED,fasp.sra.ebi.ac.uk:/vol1/fastq/SRR228/042/SRR22801842/SRR22801842.fastq.gz,,87958e18d11218625ad4bc54c84d15a5,
SAMN32301395,SRR22801841,PAIRED,fasp.sra.ebi.ac.uk:/vol1/fastq/SRR228/041/SRR22801841/SRR22801841.fastq.gz,,d60f9f5ea475124276dcaaf73bd71deb,
SAMN32301396,SRR22801840,PAIRED,fasp.sra.ebi.ac.uk:/vol1/fastq/SRR228/040/SRR22801840/SRR22801840.fastq.gz,,68b83f7259052c4cd89d04cb1f7759b8,
SAMN32301312,SRR22801900,PAIRED,fasp.sra.ebi.ac.uk:/vol1/fastq/SRR228/000/SRR22801900/SRR22801900_1.fastq.gz,fasp.sra.ebi.ac.uk:/vol1/fastq/SRR228/000/SRR22801900/SRR22801900_2.fastq.gz,eefbf1d267b8cd70e701a30e4015a8ba,003d821d33823c23012485c8dbc586de
SAMN32301313,SRR22801899,PAIRED,fasp.sra.ebi.ac.uk:/vol1/fastq/SRR228/099/SRR22801899/SRR22801899_1.fastq.gz,fasp.sra.ebi.ac.uk:/vol1/fastq/SRR228/099/SRR22801899/SRR22801899_2.fastq.gz,8a0aad0f2ccebf61c934bf802d437105,1ce14538f8836b4a4ad445243a005d2a
SAMN32301314,SRR22801898,PAIRED,fasp.sra.ebi.ac.uk:/vol1/fastq/SRR228/098/SRR22801898/SRR22801898_1.fastq.gz,fasp.sra.ebi.ac.uk:/vol1/fastq/SRR228/098/SRR22801898/SRR22801898_2.fastq.gz,117c95f69a9744fe236f55eade75cc3c,d6407c2ff26e5b6170cc67008a377397
SAMN32301315,SRR22801897,PAIRED,fasp.sra.ebi.ac.uk:/vol1/fastq/SRR228/097/SRR22801897/SRR22801897_1.fastq.gz,fasp.sra.ebi.ac.uk:/vol1/fastq/SRR228/097/SRR22801897/SRR22801897_2.fastq.gz,a2c7a6a67a21282f59ccded9b730bf90,cfce2dfe90604901d4ea56efbe9f03c0
SAMN32301316,SRR22801896,PAIRED,fasp.sra.ebi.ac.uk:/vol1/fastq/SRR228/096/SRR22801896/SRR22801896.fastq.gz,,f9d3260a0b6802b476a8d43b213926be,
SAMN32301317,SRR22801895,PAIRED,fasp.sra.ebi.ac.uk:/vol1/fastq/SRR228/095/SRR22801895/SRR22801895_1.fastq.gz,fasp.sra.ebi.ac.uk:/vol1/fastq/SRR228/095/SRR22801895/SRR22801895_2.fastq.gz,f29c9d521cddc5ddb125371e227afc35,8624e3c1d35caf58361f5bbf6db0ee7a
SAMN32301318,SRR22801894,PAIRED,fasp.sra.ebi.ac.uk:/vol1/fastq/SRR228/094/SRR22801894/SRR22801894_1.fastq.gz,fasp.sra.ebi.ac.uk:/vol1/fastq/SRR228/094/SRR22801894/SRR22801894_2.fastq.gz,28d9c33bdf4d15e64a2a6bc74344bf7b,f21c14dcb5f257125463fe5493f8a9fd
SAMN32301319,SRR22801893,PAIRED,fasp.sra.ebi.ac.uk:/vol1/fastq/SRR228/093/SRR22801893/SRR22801893_1.fastq.gz,fasp.sra.ebi.ac.uk:/vol1/fastq/SRR228/093/SRR22801893/SRR22801893_2.fastq.gz,e05ba5a0c4fd3bcca9ea7a5c8b202c25,59cd4817f9e6000e388428816eb45197
SAMN32301320,SRR22801892,PAIRED,fasp.sra.ebi.ac.uk:/vol1/fastq/SRR228/092/SRR22801892/SRR22801892_1.fastq.gz,fasp.sra.ebi.ac.uk:/vol1/fastq/SRR228/092/SRR22801892/SRR22801892_2.fastq.gz,94334be66411819f99d6e55a2649b303,8117dec5fd6198b0c0b51af7bdaadba1
SAMN32301321,SRR22801891,PAIRED,fasp.sra.ebi.ac.uk:/vol1/fastq/SRR228/091/SRR22801891/SRR22801891_1.fastq.gz,fasp.sra.ebi.ac.uk:/vol1/fastq/SRR228/091/SRR22801891/SRR22801891_2.fastq.gz,8ab7395279c1f334c0f3233a6e5f0ea0,875133041c6384c5b681b90c6e94c256
SAMN32301322,SRR22801889,PAIRED,fasp.sra.ebi.ac.uk:/vol1/fastq/SRR228/089/SRR22801889/SRR22801889_1.fastq.gz,fasp.sra.ebi.ac.uk:/vol1/fastq/SRR228/089/SRR22801889/SRR22801889_2.fastq.gz,95e8fecba6c32be9a648bdb9f0e94e8a,c40df109e9a86ef8ea23af9aff6b00c6
SAMN32301323,SRR22801888,PAIRED,fasp.sra.ebi.ac.uk:/vol1/fastq/SRR228/088/SRR22801888/SRR22801888_1.fastq.gz,fasp.sra.ebi.ac.uk:/vol1/fastq/SRR228/088/SRR22801888/SRR22801888_2.fastq.gz,4c2b29246a7264ca91300a3cb8014899,827e341013349267af0adfead0a15c2b
SAMN32301324,SRR22801887,PAIRED,fasp.sra.ebi.ac.uk:/vol1/fastq/SRR228/087/SRR22801887/SRR22801887_1.fastq.gz,fasp.sra.ebi.ac.uk:/vol1/fastq/SRR228/087/SRR22801887/SRR22801887_2.fastq.gz,480278c784cba0b01a2351a9132fe7e9,2fbe24357fd364f9bca2f0604c1a0fac
SAMN32301325,SRR22801886,PAIRED,fasp.sra.ebi.ac.uk:/vol1/fastq/SRR228/086/SRR22801886/SRR22801886_1.fastq.gz,fasp.sra.ebi.ac.uk:/vol1/fastq/SRR228/086/SRR22801886/SRR22801886_2.fastq.gz,8ccb936df7fc5e98c6f3944721fac9d2,907ea69ba9f3b9d28586a90f8b7c28cf
SAMN32301326,SRR22801885,PAIRED,fasp.sra.ebi.ac.uk:/vol1/fastq/SRR228/085/SRR22801885/SRR22801885_1.fastq.gz,fasp.sra.ebi.ac.uk:/vol1/fastq/SRR228/085/SRR22801885/SRR22801885_2.fastq.gz,7b59dba8abac8809d0b99ef53fe139ed,943399b77f575c2ca9b1c834535b0da8
SAMN32301327,SRR22801884,PAIRED,fasp.sra.ebi.ac.uk:/vol1/fastq/SRR228/084/SRR22801884/SRR22801884_1.fastq.gz,fasp.sra.ebi.ac.uk:/vol1/fastq/SRR228/084/SRR22801884/SRR22801884_2.fastq.gz,b946bce08a417ed4a0cf757493887849,e9d06d843a1d7e4019afc1f2e2a475da
SAMN32301328,SRR22801883,PAIRED,fasp.sra.ebi.ac.uk:/vol1/fastq/SRR228/083/SRR22801883/SRR22801883_1.fastq.gz,fasp.sra.ebi.ac.uk:/vol1/fastq/SRR228/083/SRR22801883/SRR22801883_2.fastq.gz,4fe1c881a6e9e710584b4315a97b9a04,f1696b9ce4c815a7e33b65cbb00a6760
SAMN32301329,SRR22801882,PAIRED,fasp.sra.ebi.ac.uk:/vol1/fastq/SRR228/082/SRR22801882/SRR22801882_1.fastq.gz,fasp.sra.ebi.ac.uk:/vol1/fastq/SRR228/082/SRR22801882/SRR22801882_2.fastq.gz,1bd6952b0bf852c0e0d84e5e22413b91,03914a158610ecf045ad8832261f452e
SAMN32301330,SRR22801881,PAIRED,fasp.sra.ebi.ac.uk:/vol1/fastq/SRR228/081/SRR22801881/SRR22801881_1.fastq.gz,fasp.sra.ebi.ac.uk:/vol1/fastq/SRR228/081/SRR22801881/SRR22801881_2.fastq.gz,6c0c64bafb00df820b618acdc35ef249,3914f6f8804be350bb63f5a30542a54f
SAMN32301331,SRR22801880,PAIRED,fasp.sra.ebi.ac.uk:/vol1/fastq/SRR228/080/SRR22801880/SRR22801880_1.fastq.gz,fasp.sra.ebi.ac.uk:/vol1/fastq/SRR228/080/SRR22801880/SRR22801880_2.fastq.gz,5455ed780e59fa5d6681efd8b0565f5e,241e264de98e3a37eaaddd4ba17e3565
SAMN32301332,SRR22801878,PAIRED,fasp.sra.ebi.ac.uk:/vol1/fastq/SRR228/078/SRR22801878/SRR22801878_1.fastq.gz,fasp.sra.ebi.ac.uk:/vol1/fastq/SRR228/078/SRR22801878/SRR22801878_2.fastq.gz,a0dde831befe5ed1e5efec1b8fe41e10,a3c43202dfba4ee70daac1a92dfdd09d
SAMN32301333,SRR22801877,PAIRED,fasp.sra.ebi.ac.uk:/vol1/fastq/SRR228/077/SRR22801877/SRR22801877_1.fastq.gz,fasp.sra.ebi.ac.uk:/vol1/fastq/SRR228/077/SRR22801877/SRR22801877_2.fastq.gz,da602d985dbee505d378e69210525fbd,ad29c3ae5370ceed4f1177bc596681d1
SAMN32301334,SRR22801876,PAIRED,fasp.sra.ebi.ac.uk:/vol1/fastq/SRR228/076/SRR22801876/SRR22801876_1.fastq.gz,fasp.sra.ebi.ac.uk:/vol1/fastq/SRR228/076/SRR22801876/SRR22801876_2.fastq.gz,c2af76e8654d5a9132238f6b26cee624,b8d519cc67fda73c60ccbdeada76f914
SAMN32301335,SRR22801875,PAIRED,fasp.sra.ebi.ac.uk:/vol1/fastq/SRR228/075/SRR22801875/SRR22801875_1.fastq.gz,fasp.sra.ebi.ac.uk:/vol1/fastq/SRR228/075/SRR22801875/SRR22801875_2.fastq.gz,395eae6d849aa46ffeb60e6582233188,d5cbab03a856a136c0065cf3781ba234
SAMN32301336,SRR22801874,PAIRED,fasp.sra.ebi.ac.uk:/vol1/fastq/SRR228/074/SRR22801874/SRR22801874_1.fastq.gz,fasp.sra.ebi.ac.uk:/vol1/fastq/SRR228/074/SRR22801874/SRR22801874_2.fastq.gz,e6a06b15c5e15087b73178b4e1499029,be970064786d15facdff4863106b4a5f
SAMN32301344,SRR22801837,PAIRED,fasp.sra.ebi.ac.uk:/vol1/fastq/SRR228/037/SRR22801837/SRR22801837.fastq.gz,,1f0c8695cafad17bb67e66f637fc3b39,
SAMN32301345,SRR22801836,PAIRED,fasp.sra.ebi.ac.uk:/vol1/fastq/SRR228/036/SRR22801836/SRR22801836.fastq.gz,,0d8769f28b9119029ed4e01370fb260a,
SAMN32301337,SRR22801873,PAIRED,fasp.sra.ebi.ac.uk:/vol1/fastq/SRR228/073/SRR22801873/SRR22801873_1.fastq.gz,fasp.sra.ebi.ac.uk:/vol1/fastq/SRR228/073/SRR22801873/SRR22801873_2.fastq.gz,5b69656ed7b2fc2f192e732e47f3e821,f51a7a2380263d2e45f8f8099a2f5707
SAMN32301338,SRR22801872,PAIRED,fasp.sra.ebi.ac.uk:/vol1/fastq/SRR228/072/SRR22801872/SRR22801872_1.fastq.gz,fasp.sra.ebi.ac.uk:/vol1/fastq/SRR228/072/SRR22801872/SRR22801872_2.fastq.gz,ccd1ac4cc2ccd907197e6a898d7cfd2a,2d7c7ca4ba284ec3f2d2100ce44a1fce
SAMN32301339,SRR22801871,PAIRED,fasp.sra.ebi.ac.uk:/vol1/fastq/SRR228/071/SRR22801871/SRR22801871_1.fastq.gz,fasp.sra.ebi.ac.uk:/vol1/fastq/SRR228/071/SRR22801871/SRR22801871_2.fastq.gz,cfb6e826686d0ebd20e4f8365d0720b5,5a2892aa5743ede1aa4de270d6cbad52
SAMN32301340,SRR22801870,PAIRED,fasp.sra.ebi.ac.uk:/vol1/fastq/SRR228/070/SRR22801870/SRR22801870_1.fastq.gz,fasp.sra.ebi.ac.uk:/vol1/fastq/SRR228/070/SRR22801870/SRR22801870_2.fastq.gz,66a60b616b2a7cf62df42f5f84ac102f,c0e8c5fc48db0c1f614c516c50091c87
SAMN32301341,SRR22801869,PAIRED,fasp.sra.ebi.ac.uk:/vol1/fastq/SRR228/069/SRR22801869/SRR22801869_1.fastq.gz,fasp.sra.ebi.ac.uk:/vol1/fastq/SRR228/069/SRR22801869/SRR22801869_2.fastq.gz,58f3f1f0587c7ef4e24d0016c4fc658f,1ac76963a107dfbd781523c90f19116b
SAMN32301342,SRR22801867,PAIRED,fasp.sra.ebi.ac.uk:/vol1/fastq/SRR228/067/SRR22801867/SRR22801867_1.fastq.gz,fasp.sra.ebi.ac.uk:/vol1/fastq/SRR228/067/SRR22801867/SRR22801867_2.fastq.gz,7b95103921db64d220fe623425b753b5,373e9260db1c70985caff5937c20b8be
SAMN32301343,SRR22801838,PAIRED,fasp.sra.ebi.ac.uk:/vol1/fastq/SRR228/038/SRR22801838/SRR22801838_1.fastq.gz,fasp.sra.ebi.ac.uk:/vol1/fastq/SRR228/038/SRR22801838/SRR22801838_2.fastq.gz,6eed28c0d9bc461afbb7363bdd9f494a,7d84964531f3da522d854f3fbca975ce
SAMN32301346,SRR22801835,PAIRED,fasp.sra.ebi.ac.uk:/vol1/fastq/SRR228/035/SRR22801835/SRR22801835_1.fastq.gz,fasp.sra.ebi.ac.uk:/vol1/fastq/SRR228/035/SRR22801835/SRR22801835_2.fastq.gz,aec49eae63610af8211895b860bc2bdf,44c5b58506ef6856a5ca5856283bdb55
SAMN32301347,SRR22801834,PAIRED,fasp.sra.ebi.ac.uk:/vol1/fastq/SRR228/034/SRR22801834/SRR22801834_1.fastq.gz,fasp.sra.ebi.ac.uk:/vol1/fastq/SRR228/034/SRR22801834/SRR22801834_2.fastq.gz,008f98feb87698afebb0b03cea55d43b,0ba2ee324e69e47885631cd8aa5f1dfb
SAMN32301348,SRR22801833,PAIRED,fasp.sra.ebi.ac.uk:/vol1/fastq/SRR228/033/SRR22801833/SRR22801833_1.fastq.gz,fasp.sra.ebi.ac.uk:/vol1/fastq/SRR228/033/SRR22801833/SRR22801833_2.fastq.gz,7f69414c0f8683f87139ab881ca81573,5cf727faa6314847d6f614bb65453bf0
SAMN32301349,SRR22801832,PAIRED,fasp.sra.ebi.ac.uk:/vol1/fastq/SRR228/032/SRR22801832/SRR22801832_1.fastq.gz,fasp.sra.ebi.ac.uk:/vol1/fastq/SRR228/032/SRR22801832/SRR22801832_2.fastq.gz,88612bb9136119f8dbdec273ed3050b0,3f53a115363b32dc2dca7357767ac3cc
SAMN32301350,SRR22801831,PAIRED,fasp.sra.ebi.ac.uk:/vol1/fastq/SRR228/031/SRR22801831/SRR22801831_1.fastq.gz,fasp.sra.ebi.ac.uk:/vol1/fastq/SRR228/031/SRR22801831/SRR22801831_2.fastq.gz,f3cde71332930f7b29c8868b422b8390,3e0a4e81351aaa88e77d51028a0071d0
SAMN32301351,SRR22801830,PAIRED,fasp.sra.ebi.ac.uk:/vol1/fastq/SRR228/030/SRR22801830/SRR22801830_1.fastq.gz,fasp.sra.ebi.ac.uk:/vol1/fastq/SRR228/030/SRR22801830/SRR22801830_2.fastq.gz,cd2c37ca71d44dce35775645e8cff47a,60559e426098226f9b2fb3db02617f2e
SAMN32301352,SRR22801828,PAIRED,fasp.sra.ebi.ac.uk:/vol1/fastq/SRR228/028/SRR22801828/SRR22801828_1.fastq.gz,fasp.sra.ebi.ac.uk:/vol1/fastq/SRR228/028/SRR22801828/SRR22801828_2.fastq.gz,57dc6a7656436fe73d82ca6fc0c83136,849ea42d28f8d18c71a07b4b939c727f
SAMN32301362,SRR22801817,PAIRED,fasp.sra.ebi.ac.uk:/vol1/fastq/SRR228/017/SRR22801817/SRR22801817_1.fastq.gz,fasp.sra.ebi.ac.uk:/vol1/fastq/SRR228/017/SRR22801817/SRR22801817_2.fastq.gz,a917651b175d5750fcc5ea29f18fc7c0,e919538c0308c1806b79281216af51a1
SAMN32301353,SRR22801827,PAIRED,fasp.sra.ebi.ac.uk:/vol1/fastq/SRR228/027/SRR22801827/SRR22801827.fastq.gz,,0b56f757abacc2b9ef544cc9bb8b14c7,
SAMN32301354,SRR22801826,PAIRED,fasp.sra.ebi.ac.uk:/vol1/fastq/SRR228/026/SRR22801826/SRR22801826.fastq.gz,,16904e076c03f108b4b96a2de494e6ae,
SAMN32301355,SRR22801825,PAIRED,fasp.sra.ebi.ac.uk:/vol1/fastq/SRR228/025/SRR22801825/SRR22801825.fastq.gz,,197be62dd4b4e9b2c0aad028ad85bd86,
SAMN32301356,SRR22801824,PAIRED,fasp.sra.ebi.ac.uk:/vol1/fastq/SRR228/024/SRR22801824/SRR22801824.fastq.gz,,3b61192e22f180a82cd6ff892f022d57,
SAMN32301357,SRR22801823,PAIRED,fasp.sra.ebi.ac.uk:/vol1/fastq/SRR228/023/SRR22801823/SRR22801823.fastq.gz,,faf6ece3fa82eaf80ecb5c7cf85b2fa4,
SAMN32301392,SRR22801844,PAIRED,fasp.sra.ebi.ac.uk:/vol1/fastq/SRR228/044/SRR22801844/SRR22801844.fastq.gz,,73ff1f2668aeae538ca4bbf409bc194f,
SAMN32301358,SRR22801822,PAIRED,fasp.sra.ebi.ac.uk:/vol1/fastq/SRR228/022/SRR22801822/SRR22801822_1.fastq.gz,fasp.sra.ebi.ac.uk:/vol1/fastq/SRR228/022/SRR22801822/SRR22801822_2.fastq.gz,13fc3bb18a6c7a71d81708d0f7f607d9,988860d359791d3352de8db405566386
SAMN32301359,SRR22801821,PAIRED,fasp.sra.ebi.ac.uk:/vol1/fastq/SRR228/021/SRR22801821/SRR22801821_1.fastq.gz,fasp.sra.ebi.ac.uk:/vol1/fastq/SRR228/021/SRR22801821/SRR22801821_2.fastq.gz,a4bfd80c2212c0136aa897d7f81ed32e,ef46595f9c2467c48f3a007ed6ffd0df
SAMN32301360,SRR22801820,PAIRED,fasp.sra.ebi.ac.uk:/vol1/fastq/SRR228/020/SRR22801820/SRR22801820_1.fastq.gz,fasp.sra.ebi.ac.uk:/vol1/fastq/SRR228/020/SRR22801820/SRR22801820_2.fastq.gz,2bc96e185db24772fc2a8b77fe97d0fc,fd6350f50c5c0eb7728f310b58dcc7ae
SAMN32301361,SRR22801819,PAIRED,fasp.sra.ebi.ac.uk:/vol1/fastq/SRR228/019/SRR22801819/SRR22801819_1.fastq.gz,fasp.sra.ebi.ac.uk:/vol1/fastq/SRR228/019/SRR22801819/SRR22801819_2.fastq.gz,b69fc3bcd0aa86fa168703dfe833cf1f,95cbe00ad7c16ce2680ca6ab90821820
SAMN32301363,SRR22801816,PAIRED,fasp.sra.ebi.ac.uk:/vol1/fastq/SRR228/016/SRR22801816/SRR22801816_1.fastq.gz,fasp.sra.ebi.ac.uk:/vol1/fastq/SRR228/016/SRR22801816/SRR22801816_2.fastq.gz,429eb62e6a674587e4c1eef7ad9f578b,27db375c1cec73a17e6a0ef84eb859d7
SAMN32301364,SRR22801815,PAIRED,fasp.sra.ebi.ac.uk:/vol1/fastq/SRR228/015/SRR22801815/SRR22801815_1.fastq.gz,fasp.sra.ebi.ac.uk:/vol1/fastq/SRR228/015/SRR22801815/SRR22801815_2.fastq.gz,7a012e51c66581491242c0b1d388481a,1e47983258a03b25b48902a2e53f9eb2
SAMN32301365,SRR22801814,PAIRED,fasp.sra.ebi.ac.uk:/vol1/fastq/SRR228/014/SRR22801814/SRR22801814_1.fastq.gz,fasp.sra.ebi.ac.uk:/vol1/fastq/SRR228/014/SRR22801814/SRR22801814_2.fastq.gz,8bb27c0deb71cd6fee7753fb2cf72aa2,853fdfcc472f66c443f8c228538af5f5
SAMN32301366,SRR22801813,PAIRED,fasp.sra.ebi.ac.uk:/vol1/fastq/SRR228/013/SRR22801813/SRR22801813_1.fastq.gz,fasp.sra.ebi.ac.uk:/vol1/fastq/SRR228/013/SRR22801813/SRR22801813_2.fastq.gz,38da1a60580ea002fa431a308a625408,4f3e5ca40ec59480dc6884834d2f4426
SAMN32301367,SRR22801812,PAIRED,fasp.sra.ebi.ac.uk:/vol1/fastq/SRR228/012/SRR22801812/SRR22801812_1.fastq.gz,fasp.sra.ebi.ac.uk:/vol1/fastq/SRR228/012/SRR22801812/SRR22801812_2.fastq.gz,3df7150ba0ee892865413c8f00ba4083,ca5a2a6f76c17354d8d9e2149f30fcdf
SAMN32301368,SRR22801811,PAIRED,fasp.sra.ebi.ac.uk:/vol1/fastq/SRR228/011/SRR22801811/SRR22801811_1.fastq.gz,fasp.sra.ebi.ac.uk:/vol1/fastq/SRR228/011/SRR22801811/SRR22801811_2.fastq.gz,368b49a37402b620f8b3a5bb1e17619c,5cb4d9ed4a0391a21ce2e9692d9cf364
SAMN32301369,SRR22801810,PAIRED,fasp.sra.ebi.ac.uk:/vol1/fastq/SRR228/010/SRR22801810/SRR22801810_1.fastq.gz,fasp.sra.ebi.ac.uk:/vol1/fastq/SRR228/010/SRR22801810/SRR22801810_2.fastq.gz,c8c34a2735433da4b52744b047b66e28,119dfb709f9c090b6f4eb0761fd32ef7
SAMN32301370,SRR22801809,PAIRED,fasp.sra.ebi.ac.uk:/vol1/fastq/SRR228/009/SRR22801809/SRR22801809_1.fastq.gz,fasp.sra.ebi.ac.uk:/vol1/fastq/SRR228/009/SRR22801809/SRR22801809_2.fastq.gz,75ab15ba8809e0981279cff05a80a77d,49a8802a6df43df7d3f1af4fb5b63dfe
SAMN32301371,SRR22801808,PAIRED,fasp.sra.ebi.ac.uk:/vol1/fastq/SRR228/008/SRR22801808/SRR22801808_1.fastq.gz,fasp.sra.ebi.ac.uk:/vol1/fastq/SRR228/008/SRR22801808/SRR22801808_2.fastq.gz,edb864c57a86b8d67c0a579c1da88637,bf3226c5054c5940705bb1d3692f4181
SAMN32301372,SRR22801866,PAIRED,fasp.sra.ebi.ac.uk:/vol1/fastq/SRR228/066/SRR22801866/SRR22801866_1.fastq.gz,fasp.sra.ebi.ac.uk:/vol1/fastq/SRR228/066/SRR22801866/SRR22801866_2.fastq.gz,dfeff12ec4b19dbb82b12e91db0dccdf,d72d81ac9a919a95c727c36169d40f59
SAMN32301373,SRR22801865,PAIRED,fasp.sra.ebi.ac.uk:/vol1/fastq/SRR228/065/SRR22801865/SRR22801865_1.fastq.gz,fasp.sra.ebi.ac.uk:/vol1/fastq/SRR228/065/SRR22801865/SRR22801865_2.fastq.gz,8187f29cb4a9dea75906afc9fb8049b9,0c882fe0e0a6d0103dee8acba1f702f4
SAMN32301374,SRR22801864,PAIRED,fasp.sra.ebi.ac.uk:/vol1/fastq/SRR228/064/SRR22801864/SRR22801864_1.fastq.gz,fasp.sra.ebi.ac.uk:/vol1/fastq/SRR228/064/SRR22801864/SRR22801864_2.fastq.gz,a59d434f5930520f6c43a870be5b2af2,b938c24cfb422ec68e606deeec6143e8
SAMN32301375,SRR22801863,PAIRED,fasp.sra.ebi.ac.uk:/vol1/fastq/SRR228/063/SRR22801863/SRR22801863_1.fastq.gz,fasp.sra.ebi.ac.uk:/vol1/fastq/SRR228/063/SRR22801863/SRR22801863_2.fastq.gz,8ae853e6ef3505a26684cdd9d883a101,1520894e050444ec0f0ee98689fe649f
SAMN32301376,SRR22801862,PAIRED,fasp.sra.ebi.ac.uk:/vol1/fastq/SRR228/062/SRR22801862/SRR22801862_1.fastq.gz,fasp.sra.ebi.ac.uk:/vol1/fastq/SRR228/062/SRR22801862/SRR22801862_2.fastq.gz,470772d4dc47643954caa3253c4ff446,c3093a9c8fc85909e015d603fcb7533e
SAMN32301377,SRR22801861,PAIRED,fasp.sra.ebi.ac.uk:/vol1/fastq/SRR228/061/SRR22801861/SRR22801861_1.fastq.gz,fasp.sra.ebi.ac.uk:/vol1/fastq/SRR228/061/SRR22801861/SRR22801861_2.fastq.gz,3475536a433b588708f0e16df985b2dd,baa08d1143407a49d67ee7e307f1bb03
SAMN32301378,SRR22801860,PAIRED,fasp.sra.ebi.ac.uk:/vol1/fastq/SRR228/060/SRR22801860/SRR22801860_1.fastq.gz,fasp.sra.ebi.ac.uk:/vol1/fastq/SRR228/060/SRR22801860/SRR22801860_2.fastq.gz,50062ed3c4e76296b14824efd3088e6d,7bcad25390879686b7e925f9ebabbe63
SAMN32301379,SRR22801859,PAIRED,fasp.sra.ebi.ac.uk:/vol1/fastq/SRR228/059/SRR22801859/SRR22801859_1.fastq.gz,fasp.sra.ebi.ac.uk:/vol1/fastq/SRR228/059/SRR22801859/SRR22801859_2.fastq.gz,cb92940a90606eef7ea5ffeb029aad4b,b7f24ee067c8b6c648b5df998daf89f3
SAMN32301380,SRR22801858,PAIRED,fasp.sra.ebi.ac.uk:/vol1/fastq/SRR228/058/SRR22801858/SRR22801858_1.fastq.gz,fasp.sra.ebi.ac.uk:/vol1/fastq/SRR228/058/SRR22801858/SRR22801858_2.fastq.gz,b0d046a742181b463d26a1497d1b4e73,e50fb38508567d6aa0f5d0cd99a65f2e
SAMN32301381,SRR22801857,PAIRED,fasp.sra.ebi.ac.uk:/vol1/fastq/SRR228/057/SRR22801857/SRR22801857_1.fastq.gz,fasp.sra.ebi.ac.uk:/vol1/fastq/SRR228/057/SRR22801857/SRR22801857_2.fastq.gz,c2a29dc8f363ac61e4e6ff1cd2072cb3,007d16af7fa4cc6ee3559e1df61b730f
SAMN32301382,SRR22801855,PAIRED,fasp.sra.ebi.ac.uk:/vol1/fastq/SRR228/055/SRR22801855/SRR22801855_1.fastq.gz,fasp.sra.ebi.ac.uk:/vol1/fastq/SRR228/055/SRR22801855/SRR22801855_2.fastq.gz,fc2c6fb6e4b9893b0179d1a1e5d5240b,c1f8211c4090f242b59c013aedf0a387
SAMN32301383,SRR22801854,PAIRED,fasp.sra.ebi.ac.uk:/vol1/fastq/SRR228/054/SRR22801854/SRR22801854_1.fastq.gz,fasp.sra.ebi.ac.uk:/vol1/fastq/SRR228/054/SRR22801854/SRR22801854_2.fastq.gz,bb7b4b4c4a3c20629ee429150c00105d,bbcb996ae751bb741646849906a060a6
SAMN32301384,SRR22801853,PAIRED,fasp.sra.ebi.ac.uk:/vol1/fastq/SRR228/053/SRR22801853/SRR22801853_1.fastq.gz,fasp.sra.ebi.ac.uk:/vol1/fastq/SRR228/053/SRR22801853/SRR22801853_2.fastq.gz,b239ce1d23eff1d1143ac1660142af84,6c27b82d569be62d51724f3555aad56f
SAMN32301385,SRR22801852,PAIRED,fasp.sra.ebi.ac.uk:/vol1/fastq/SRR228/052/SRR22801852/SRR22801852_1.fastq.gz,fasp.sra.ebi.ac.uk:/vol1/fastq/SRR228/052/SRR22801852/SRR22801852_2.fastq.gz,20e54f468affd1e418a89e6f86107230,395a86b96e7707576f999b8aedea5503
SAMN32301386,SRR22801851,PAIRED,fasp.sra.ebi.ac.uk:/vol1/fastq/SRR228/051/SRR22801851/SRR22801851_1.fastq.gz,fasp.sra.ebi.ac.uk:/vol1/fastq/SRR228/051/SRR22801851/SRR22801851_2.fastq.gz,621f529a0b64aa22234636dd59e41b33,c8a2bc0b6f7311cc4a43d50c7dcee006
SAMN32301387,SRR22801850,PAIRED,fasp.sra.ebi.ac.uk:/vol1/fastq/SRR228/050/SRR22801850/SRR22801850.fastq.gz,,1e1af9e30f1a1c352e7982e5010fcf64,
SAMN32301388,SRR22801849,PAIRED,fasp.sra.ebi.ac.uk:/vol1/fastq/SRR228/049/SRR22801849/SRR22801849.fastq.gz,,5c4263464d4d6ed0301534e2e263b993,
SAMN32301389,SRR22801848,PAIRED,fasp.sra.ebi.ac.uk:/vol1/fastq/SRR228/048/SRR22801848/SRR22801848_1.fastq.gz,fasp.sra.ebi.ac.uk:/vol1/fastq/SRR228/048/SRR22801848/SRR22801848_2.fastq.gz,38720d5ebc72e4147555beb44f70b7ff,c49d2ed6eb69c0acd56924392ba124d9
SAMN32301390,SRR22801847,PAIRED,fasp.sra.ebi.ac.uk:/vol1/fastq/SRR228/047/SRR22801847/SRR22801847_1.fastq.gz,fasp.sra.ebi.ac.uk:/vol1/fastq/SRR228/047/SRR22801847/SRR22801847_2.fastq.gz,520859527ce3087c311b1832a4e440b1,468cda9d53c7d038c88326678f721dfb
SAMN32301391,SRR22801846,PAIRED,fasp.sra.ebi.ac.uk:/vol1/fastq/SRR228/046/SRR22801846/SRR22801846.fastq.gz,,9a43572964a2d3193f1eb02087ed7171,
SAMN19922659,SRR15170751,PAIRED,fasp.sra.ebi.ac.uk:/vol1/fastq/SRR151/051/SRR15170751/SRR15170751_1.fastq.gz,fasp.sra.ebi.ac.uk:/vol1/fastq/SRR151/051/SRR15170751/SRR15170751_2.fastq.gz,3451e381e71821847a6de0620523ca3b,d6043de1aa81fc591d5d020ab1548759
SAMN19922660,SRR15170750,PAIRED,fasp.sra.ebi.ac.uk:/vol1/fastq/SRR151/050/SRR15170750/SRR15170750_1.fastq.gz,fasp.sra.ebi.ac.uk:/vol1/fastq/SRR151/050/SRR15170750/SRR15170750_2.fastq.gz,2c732150432b3cec1fafd52fa949c03d,2dbcb1bb09c3ddbed54d867d3575db27
SAMN19922662,SRR15170748,PAIRED,fasp.sra.ebi.ac.uk:/vol1/fastq/SRR151/048/SRR15170748/SRR15170748_1.fastq.gz,fasp.sra.ebi.ac.uk:/vol1/fastq/SRR151/048/SRR15170748/SRR15170748_2.fastq.gz,7c6b2905f7d6dfdbaa3947f39a16a24f,6e633084a2469716cc7e8bbd0da3d073
SAMN19922661,SRR15170749,PAIRED,fasp.sra.ebi.ac.uk:/vol1/fastq/SRR151/049/SRR15170749/SRR15170749_1.fastq.gz,fasp.sra.ebi.ac.uk:/vol1/fastq/SRR151/049/SRR15170749/SRR15170749_2.fastq.gz,9529a3d41879a2c8fb75b2c9fafa156e,9a728022086db297b3d09639a8c241ec
SAMN19922663,SRR15170746,PAIRED,fasp.sra.ebi.ac.uk:/vol1/fastq/SRR151/046/SRR15170746/SRR15170746_1.fastq.gz,fasp.sra.ebi.ac.uk:/vol1/fastq/SRR151/046/SRR15170746/SRR15170746_2.fastq.gz,27218f8a49cdd2e245193fc2588d6c34,08883896fafdadd0d9781eadc9a8dd01
SAMN19922664,SRR15170745,PAIRED,fasp.sra.ebi.ac.uk:/vol1/fastq/SRR151/045/SRR15170745/SRR15170745_1.fastq.gz,fasp.sra.ebi.ac.uk:/vol1/fastq/SRR151/045/SRR15170745/SRR15170745_2.fastq.gz,b0b89a952eb93dbfff20640f56d46a81,fd3c1ff588f847a52724d80551a56932
SAMN10734296,SRR15170761,PAIRED,fasp.sra.ebi.ac.uk:/vol1/fastq/SRR151/061/SRR15170761/SRR15170761_1.fastq.gz,fasp.sra.ebi.ac.uk:/vol1/fastq/SRR151/061/SRR15170761/SRR15170761_2.fastq.gz,527a9590b518969edb986463a586d891,aacca8169a39ba77cb2cea6374b955bf
SAMN10734296,SRR8435645,PAIRED,fasp.sra.ebi.ac.uk:/vol1/fastq/SRR843/005/SRR8435645/SRR8435645_1.fastq.gz,fasp.sra.ebi.ac.uk:/vol1/fastq/SRR843/005/SRR8435645/SRR8435645_2.fastq.gz,3a73cea5864512e770850724ed3d4478,8dca9c2a4dd5a552bc39db3f57ac14b1
SAMN10734296,SRR8435648,PAIRED,fasp.sra.ebi.ac.uk:/vol1/fastq/SRR843/008/SRR8435648/SRR8435648_1.fastq.gz,fasp.sra.ebi.ac.uk:/vol1/fastq/SRR843/008/SRR8435648/SRR8435648_2.fastq.gz,8c0cc56c117ec5c19046352ccc21bfcd,3df3f9179d7b3026dd328cb8bbb35aa3
SAMN16454151,SRR15170759,PAIRED,fasp.sra.ebi.ac.uk:/vol1/fastq/SRR151/059/SRR15170759/SRR15170759_1.fastq.gz,fasp.sra.ebi.ac.uk:/vol1/fastq/SRR151/059/SRR15170759/SRR15170759_2.fastq.gz,e5eb9777b88d92b9e4574a7b17cc0c48,4eb8190c7e26cc564f666a04cc3b68ec
SAMN16454151,SRR12969496,PAIRED,fasp.sra.ebi.ac.uk:/vol1/fastq/SRR129/096/SRR12969496/SRR12969496_1.fastq.gz,fasp.sra.ebi.ac.uk:/vol1/fastq/SRR129/096/SRR12969496/SRR12969496_2.fastq.gz,10f7d8e378e24b1cc9e404d685a21d34,2a5ca0e3ba72900b019b4f6704a384c3
SAMN16454143,SRR15170747,PAIRED,fasp.sra.ebi.ac.uk:/vol1/fastq/SRR151/047/SRR15170747/SRR15170747_1.fastq.gz,fasp.sra.ebi.ac.uk:/vol1/fastq/SRR151/047/SRR15170747/SRR15170747_2.fastq.gz,e5b05255457e462c238a6f751b7b0ba7,b7a6f460ac4109fa28272113c2201ae2
SAMN16454143,SRR12969486,PAIRED,fasp.sra.ebi.ac.uk:/vol1/fastq/SRR129/086/SRR12969486/SRR12969486_1.fastq.gz,fasp.sra.ebi.ac.uk:/vol1/fastq/SRR129/086/SRR12969486/SRR12969486_2.fastq.gz,18ccd4d8046d8ff3b83162f5142e14e4,ab98d8afa0215d213ccdbd29a844112d
SAMN16454145,SRR12969484,PAIRED,fasp.sra.ebi.ac.uk:/vol1/fastq/SRR129/084/SRR12969484/SRR12969484_1.fastq.gz,fasp.sra.ebi.ac.uk:/vol1/fastq/SRR129/084/SRR12969484/SRR12969484_2.fastq.gz,2c79f214a0e7804280a1f98a35187bf6,84423e3c8fefeb95f668abb0170db587
SAMN16454145,SRR15170744,PAIRED,fasp.sra.ebi.ac.uk:/vol1/fastq/SRR151/044/SRR15170744/SRR15170744_1.fastq.gz,fasp.sra.ebi.ac.uk:/vol1/fastq/SRR151/044/SRR15170744/SRR15170744_2.fastq.gz,a4d89575d84413fa13e9e124f0fb4a61,dd02d2857e9c49a70fd532328a6b812e
SAMN16454146,SRR12969483,PAIRED,fasp.sra.ebi.ac.uk:/vol1/fastq/SRR129/083/SRR12969483/SRR12969483_1.fastq.gz,fasp.sra.ebi.ac.uk:/vol1/fastq/SRR129/083/SRR12969483/SRR12969483_2.fastq.gz,c4d96df12e64ed031d011cbef115f1ce,965136c2202173bfd83a877b9dae7e5f
SAMN16454146,SRR15170743,PAIRED,fasp.sra.ebi.ac.uk:/vol1/fastq/SRR151/043/SRR15170743/SRR15170743_1.fastq.gz,fasp.sra.ebi.ac.uk:/vol1/fastq/SRR151/043/SRR15170743/SRR15170743_2.fastq.gz,f29af256aa23495cf6fb3a8471506585,d1990cc89bcecb7b00fa7f8f3822f86c
SAMN16454148,SRR12969481,PAIRED,fasp.sra.ebi.ac.uk:/vol1/fastq/SRR129/081/SRR12969481/SRR12969481_1.fastq.gz,fasp.sra.ebi.ac.uk:/vol1/fastq/SRR129/081/SRR12969481/SRR12969481_2.fastq.gz,d47e48c52c85de7883d8d08019eed364,70a8843acdbd36e33dd2cfd4e68d0488
SAMN16454148,SRR15170742,PAIRED,fasp.sra.ebi.ac.uk:/vol1/fastq/SRR151/042/SRR15170742/SRR15170742_1.fastq.gz,fasp.sra.ebi.ac.uk:/vol1/fastq/SRR151/042/SRR15170742/SRR15170742_2.fastq.gz,28cefdb8ce9ccf0065e9050181e39935,8762c901ad35ba5da30ec145c97b8b74
SAMN16454149,SRR15170741,PAIRED,fasp.sra.ebi.ac.uk:/vol1/fastq/SRR151/041/SRR15170741/SRR15170741_1.fastq.gz,fasp.sra.ebi.ac.uk:/vol1/fastq/SRR151/041/SRR15170741/SRR15170741_2.fastq.gz,de0ef4aa08aaf23446b765e82687856e,c6af0a7c302372619319f2378bacce77
SAMN16454149,SRR12969480,PAIRED,fasp.sra.ebi.ac.uk:/vol1/fastq/SRR129/080/SRR12969480/SRR12969480_1.fastq.gz,fasp.sra.ebi.ac.uk:/vol1/fastq/SRR129/080/SRR12969480/SRR12969480_2.fastq.gz,daa8cfa7767f62df00afdb4e6e82675c,fea1f42bd7678aa1101dab919600c39a
SAMN16454152,SRR12969495,PAIRED,fasp.sra.ebi.ac.uk:/vol1/fastq/SRR129/095/SRR12969495/SRR12969495_1.fastq.gz,fasp.sra.ebi.ac.uk:/vol1/fastq/SRR129/095/SRR12969495/SRR12969495_2.fastq.gz,7b9a249d0bda1c80b77d86c1bc269d54,c72bb43aa0ba15625b4dcb2da9c6052b
SAMN16454152,SRR15170740,PAIRED,fasp.sra.ebi.ac.uk:/vol1/fastq/SRR151/040/SRR15170740/SRR15170740_1.fastq.gz,fasp.sra.ebi.ac.uk:/vol1/fastq/SRR151/040/SRR15170740/SRR15170740_2.fastq.gz,f17bce2ba7beaaf9c11521de15223f59,73110de0c3a1828683c4dd58edfc1315
SAMN16454153,SRR15170760,PAIRED,fasp.sra.ebi.ac.uk:/vol1/fastq/SRR151/060/SRR15170760/SRR15170760_1.fastq.gz,fasp.sra.ebi.ac.uk:/vol1/fastq/SRR151/060/SRR15170760/SRR15170760_2.fastq.gz,c5c32496d9f2801d155d708c2aff33fc,52c441585f252da5200c9864b430894a
SAMN16454153,SRR12969494,PAIRED,fasp.sra.ebi.ac.uk:/vol1/fastq/SRR129/094/SRR12969494/SRR12969494_1.fastq.gz,fasp.sra.ebi.ac.uk:/vol1/fastq/SRR129/094/SRR12969494/SRR12969494_2.fastq.gz,68e0101e29cecea11b1a8ee25045a90f,a80dfb08cfb0143d817e236f35678900
SAMN16454154,SRR12969493,PAIRED,fasp.sra.ebi.ac.uk:/vol1/fastq/SRR129/093/SRR12969493/SRR12969493_1.fastq.gz,fasp.sra.ebi.ac.uk:/vol1/fastq/SRR129/093/SRR12969493/SRR12969493_2.fastq.gz,e7783905287938c024495da87c494dd0,cb867593ff88f2e17aa743389b91ca0b
SAMN16454154,SRR15170758,PAIRED,fasp.sra.ebi.ac.uk:/vol1/fastq/SRR151/058/SRR15170758/SRR15170758_1.fastq.gz,fasp.sra.ebi.ac.uk:/vol1/fastq/SRR151/058/SRR15170758/SRR15170758_2.fastq.gz,3563058edb9e01637c1cf57991891bd4,3643a8adfbd00f9a90bc97c1e41546be
SAMN16454155,SRR15170757,PAIRED,fasp.sra.ebi.ac.uk:/vol1/fastq/SRR151/057/SRR15170757/SRR15170757_1.fastq.gz,fasp.sra.ebi.ac.uk:/vol1/fastq/SRR151/057/SRR15170757/SRR15170757_2.fastq.gz,3ba93d369fbc67817949edac3af86efd,ede93509d6f98a03eb77c9d182eb11f8
SAMN16454155,SRR12969492,PAIRED,fasp.sra.ebi.ac.uk:/vol1/fastq/SRR129/092/SRR12969492/SRR12969492_1.fastq.gz,fasp.sra.ebi.ac.uk:/vol1/fastq/SRR129/092/SRR12969492/SRR12969492_2.fastq.gz,aef0798c4d7e3dc5de5316c20f4b19ed,672de0c61f53fc41fbcd83fed79c03ae
SAMN16454156,SRR12969491,PAIRED,fasp.sra.ebi.ac.uk:/vol1/fastq/SRR129/091/SRR12969491/SRR12969491_1.fastq.gz,fasp.sra.ebi.ac.uk:/vol1/fastq/SRR129/091/SRR12969491/SRR12969491_2.fastq.gz,a9b2f2ee6ad88de60bf4f27ed78f7495,2b648c30a5bf308747cd2e33c042fbc1
SAMN16454156,SRR15170756,PAIRED,fasp.sra.ebi.ac.uk:/vol1/fastq/SRR151/056/SRR15170756/SRR15170756_1.fastq.gz,fasp.sra.ebi.ac.uk:/vol1/fastq/SRR151/056/SRR15170756/SRR15170756_2.fastq.gz,9a0f7fea89ff4f0548d258f8bae5158d,cde46aea11a87c0d2a28b23afd5e5f94
SAMN10734297,SRR15170755,PAIRED,fasp.sra.ebi.ac.uk:/vol1/fastq/SRR151/055/SRR15170755/SRR15170755_1.fastq.gz,fasp.sra.ebi.ac.uk:/vol1/fastq/SRR151/055/SRR15170755/SRR15170755_2.fastq.gz,19b777b0096399cdb5984972f916f5e9,08d358fdecb6f5d8182000a60957f994
SAMN10734297,SRR8435647,PAIRED,fasp.sra.ebi.ac.uk:/vol1/fastq/SRR843/007/SRR8435647/SRR8435647_1.fastq.gz,fasp.sra.ebi.ac.uk:/vol1/fastq/SRR843/007/SRR8435647/SRR8435647_2.fastq.gz,255da0f8515906755cc985cdc893818e,91257ff5b9e0f5bba1a88f6ec9875708
SAMN10734297,SRR8435644,PAIRED,fasp.sra.ebi.ac.uk:/vol1/fastq/SRR843/004/SRR8435644/SRR8435644_1.fastq.gz,fasp.sra.ebi.ac.uk:/vol1/fastq/SRR843/004/SRR8435644/SRR8435644_2.fastq.gz,1c16684195d98d2de06b99aaa11973e0,126de418caa9ecf6a329018c508f933c
SAMN16454157,SRR12969490,PAIRED,fasp.sra.ebi.ac.uk:/vol1/fastq/SRR129/090/SRR12969490/SRR12969490_1.fastq.gz,fasp.sra.ebi.ac.uk:/vol1/fastq/SRR129/090/SRR12969490/SRR12969490_2.fastq.gz,06bde66a010fc72c896fd940b422cb0e,f49a34ffe0df57d3baa699f4ae6b45ae
SAMN16454157,SRR15170754,PAIRED,fasp.sra.ebi.ac.uk:/vol1/fastq/SRR151/054/SRR15170754/SRR15170754_1.fastq.gz,fasp.sra.ebi.ac.uk:/vol1/fastq/SRR151/054/SRR15170754/SRR15170754_2.fastq.gz,df195b9cc84daa8a666fe48a5532afec,92c2dce907553c2bc92fcc9975c9f2fa
SAMN16454158,SRR12969489,PAIRED,fasp.sra.ebi.ac.uk:/vol1/fastq/SRR129/089/SRR12969489/SRR12969489_1.fastq.gz,fasp.sra.ebi.ac.uk:/vol1/fastq/SRR129/089/SRR12969489/SRR12969489_2.fastq.gz,e71745e0ba1011aeb217343d98b20771,a58a47aa3009ce8835da1d1169f9ac2c
SAMN16454158,SRR15170753,PAIRED,fasp.sra.ebi.ac.uk:/vol1/fastq/SRR151/053/SRR15170753/SRR15170753_1.fastq.gz,fasp.sra.ebi.ac.uk:/vol1/fastq/SRR151/053/SRR15170753/SRR15170753_2.fastq.gz,4e1815bcf128e672155cf03c24979c65,89fb9c81bb746d13a1c3927feddc006c
SAMN16454160,SRR15170752,PAIRED,fasp.sra.ebi.ac.uk:/vol1/fastq/SRR151/052/SRR15170752/SRR15170752_1.fastq.gz,fasp.sra.ebi.ac.uk:/vol1/fastq/SRR151/052/SRR15170752/SRR15170752_2.fastq.gz,9a4786f93f105f14ab65b9ea5b0b816b,ca566f9ee2b4f83ea8e9c252527c0927
SAMN16454160,SRR12969487,PAIRED,fasp.sra.ebi.ac.uk:/vol1/fastq/SRR129/087/SRR12969487/SRR12969487_1.fastq.gz,fasp.sra.ebi.ac.uk:/vol1/fastq/SRR129/087/SRR12969487/SRR12969487_2.fastq.gz,4915adf155e3fcc7ddc50e1cfae8d56b,6b8ccfb87035335e38cd5a06ee765908
SAMN02256316,SRR935596,PAIRED,fasp.sra.ebi.ac.uk:/vol1/fastq/SRR935/SRR935596/SRR935596_1.fastq.gz,fasp.sra.ebi.ac.uk:/vol1/fastq/SRR935/SRR935596/SRR935596_2.fastq.gz,19a0afb76511f67ff6abcfadcfaf8a78,f3dee6aacd860570ee98a98d969fba54
SAMN02256316,SRR941809,PAIRED,fasp.sra.ebi.ac.uk:/vol1/fastq/SRR941/SRR941809/SRR941809_1.fastq.gz,fasp.sra.ebi.ac.uk:/vol1/fastq/SRR941/SRR941809/SRR941809_2.fastq.gz,7686a954bd0d361124724f673f7b37a4,a87afde64c1a7f846c8a6f7c492e87d6
SAMN02256316,SRR935603,PAIRED,fasp.sra.ebi.ac.uk:/vol1/fastq/SRR935/SRR935603/SRR935603_1.fastq.gz,fasp.sra.ebi.ac.uk:/vol1/fastq/SRR935/SRR935603/SRR935603_2.fastq.gz,0effdd3327115dc7de9832e09997ccca,4460ef2b53540e7a9098bcae51847719
SAMN02256316,SRR935610,PAIRED,fasp.sra.ebi.ac.uk:/vol1/fastq/SRR935/SRR935610/SRR935610_1.fastq.gz,fasp.sra.ebi.ac.uk:/vol1/fastq/SRR935/SRR935610/SRR935610_2.fastq.gz,ad117fadfc0057b49a7fe8b21963f423,b535e31245be1821e7ee6bdc5d982419
SAMN02256316,SRR941812,PAIRED,fasp.sra.ebi.ac.uk:/vol1/fastq/SRR941/SRR941812/SRR941812_1.fastq.gz,fasp.sra.ebi.ac.uk:/vol1/fastq/SRR941/SRR941812/SRR941812_2.fastq.gz,643f5a857208c769b632d40e40897d4c,ad573eb3b7dbf8139582774f17eafc93
SAMN02256316,SRR935618,PAIRED,fasp.sra.ebi.ac.uk:/vol1/fastq/SRR935/SRR935618/SRR935618_1.fastq.gz,fasp.sra.ebi.ac.uk:/vol1/fastq/SRR935/SRR935618/SRR935618_2.fastq.gz,b3ae078632536708b1d4160638c3cfc0,40d670b141c2e7e7d632b62abd120895
SAMN02256317,SRR935620,PAIRED,fasp.sra.ebi.ac.uk:/vol1/fastq/SRR935/SRR935620/SRR935620_1.fastq.gz,fasp.sra.ebi.ac.uk:/vol1/fastq/SRR935/SRR935620/SRR935620_2.fastq.gz,5e45bdde7cbb373b8607cb7c05160475,cc2745c39dfe970101dd6d16a06a827c
SAMN02256317,SRR935629,PAIRED,fasp.sra.ebi.ac.uk:/vol1/fastq/SRR935/SRR935629/SRR935629_1.fastq.gz,fasp.sra.ebi.ac.uk:/vol1/fastq/SRR935/SRR935629/SRR935629_2.fastq.gz,5ca94fa2b1c50adfa1c169d6f00d649c,8d4a5cf0b9b7e0a2dcd64e75df517c0b
SAMN02256317,SRR935597,PAIRED,fasp.sra.ebi.ac.uk:/vol1/fastq/SRR935/SRR935597/SRR935597_1.fastq.gz,fasp.sra.ebi.ac.uk:/vol1/fastq/SRR935/SRR935597/SRR935597_2.fastq.gz,b62f70598e9a72916326d79df822cd38,d3c8216acdbf8c2a6b5bac8a56651c8d
SAMN02256317,SRR935604,PAIRED,fasp.sra.ebi.ac.uk:/vol1/fastq/SRR935/SRR935604/SRR935604_1.fastq.gz,fasp.sra.ebi.ac.uk:/vol1/fastq/SRR935/SRR935604/SRR935604_2.fastq.gz,16cb749a853897247bf83a663c3b6744,6a6c0b8db935fbb5e6af8fbb5b54748b
SAMN02256317,SRR935611,PAIRED,fasp.sra.ebi.ac.uk:/vol1/fastq/SRR935/SRR935611/SRR935611_1.fastq.gz,fasp.sra.ebi.ac.uk:/vol1/fastq/SRR935/SRR935611/SRR935611_2.fastq.gz,1e22303ae0ff9a71ffff17bf50862160,13641abaa444749c3326cc3b799e9961
SAMN02256318,SRR935605,PAIRED,fasp.sra.ebi.ac.uk:/vol1/fastq/SRR935/SRR935605/SRR935605_1.fastq.gz,fasp.sra.ebi.ac.uk:/vol1/fastq/SRR935/SRR935605/SRR935605_2.fastq.gz,469422be3c9c7f20ec07a1a0c639b8a5,73a4701f62ead18d6f1a25efd9caaf67
SAMN02256318,SRR935612,PAIRED,fasp.sra.ebi.ac.uk:/vol1/fastq/SRR935/SRR935612/SRR935612_1.fastq.gz,fasp.sra.ebi.ac.uk:/vol1/fastq/SRR935/SRR935612/SRR935612_2.fastq.gz,f6ea35b0161e0a920760c11e8e4e9dca,1e3a20e2f945f3c4ef61d8156a8e85b1
SAMN02256318,SRR941786,PAIRED,fasp.sra.ebi.ac.uk:/vol1/fastq/SRR941/SRR941786/SRR941786_1.fastq.gz,fasp.sra.ebi.ac.uk:/vol1/fastq/SRR941/SRR941786/SRR941786_2.fastq.gz,4d57d590c243af7c7a5fa02750ed8447,3f307d802c23d0099d9eb033b2142fca
SAMN02256318,SRR935598,PAIRED,fasp.sra.ebi.ac.uk:/vol1/fastq/SRR935/SRR935598/SRR935598_1.fastq.gz,fasp.sra.ebi.ac.uk:/vol1/fastq/SRR935/SRR935598/SRR935598_2.fastq.gz,0d46136bfeae0a3e9bbc1ffd606844aa,61fe84bf0d9a2a7b4b0322bab7c980dd
SAMN02256318,SRR935621,PAIRED,fasp.sra.ebi.ac.uk:/vol1/fastq/SRR935/SRR935621/SRR935621_1.fastq.gz,fasp.sra.ebi.ac.uk:/vol1/fastq/SRR935/SRR935621/SRR935621_2.fastq.gz,d00268b1d18d8d7cf380a77a1cddb6ca,310c8362e687c9c07feae2186faf7f32
SAMN02256319,SRR935613,PAIRED,fasp.sra.ebi.ac.uk:/vol1/fastq/SRR935/SRR935613/SRR935613_1.fastq.gz,fasp.sra.ebi.ac.uk:/vol1/fastq/SRR935/SRR935613/SRR935613_2.fastq.gz,5c46e38a2de1f187f25b3fa6dc23b4c4,012e82b092b9f0096eaecf2a9a0ce16c
SAMN02256319,SRR935630,PAIRED,fasp.sra.ebi.ac.uk:/vol1/fastq/SRR935/SRR935630/SRR935630_1.fastq.gz,fasp.sra.ebi.ac.uk:/vol1/fastq/SRR935/SRR935630/SRR935630_2.fastq.gz,079f3eae51e24118115f949a0d68f686,956f28dd576a5e89225cce03b7e1705a
SAMN02256319,SRR935622,PAIRED,fasp.sra.ebi.ac.uk:/vol1/fastq/SRR935/SRR935622/SRR935622_1.fastq.gz,fasp.sra.ebi.ac.uk:/vol1/fastq/SRR935/SRR935622/SRR935622_2.fastq.gz,963c05a6f3e09da963556e3258af1066,7a9d1a495add6d1124d80b72c8697324
SAMN02256319,SRR935599,PAIRED,fasp.sra.ebi.ac.uk:/vol1/fastq/SRR935/SRR935599/SRR935599_1.fastq.gz,fasp.sra.ebi.ac.uk:/vol1/fastq/SRR935/SRR935599/SRR935599_2.fastq.gz,f616eee008e14622af009ac64a4bb0f8,ddb123a47fa6607a1538425c51c9d802
SAMN02256319,SRR935606,PAIRED,fasp.sra.ebi.ac.uk:/vol1/fastq/SRR935/SRR935606/SRR935606_1.fastq.gz,fasp.sra.ebi.ac.uk:/vol1/fastq/SRR935/SRR935606/SRR935606_2.fastq.gz,bdffa504fa2eee2288d6f7b52903422e,b0b296aeb7930e00735f132433a36438
SAMN02256320,SRR935607,PAIRED,fasp.sra.ebi.ac.uk:/vol1/fastq/SRR935/SRR935607/SRR935607_1.fastq.gz,fasp.sra.ebi.ac.uk:/vol1/fastq/SRR935/SRR935607/SRR935607_2.fastq.gz,270daa0286b3bae23d6346ef6d1e4ebf,35518c0dd6fc8f88ed46c535eaf16bde
SAMN02256320,SRR935623,PAIRED,fasp.sra.ebi.ac.uk:/vol1/fastq/SRR935/SRR935623/SRR935623_1.fastq.gz,fasp.sra.ebi.ac.uk:/vol1/fastq/SRR935/SRR935623/SRR935623_2.fastq.gz,aaf380a1a6b589bac078662b7f76f1fa,13e3d20e44e76a5bdaf2b1708720cb2c
SAMN02256320,SRR935600,PAIRED,fasp.sra.ebi.ac.uk:/vol1/fastq/SRR935/SRR935600/SRR935600_1.fastq.gz,fasp.sra.ebi.ac.uk:/vol1/fastq/SRR935/SRR935600/SRR935600_2.fastq.gz,406d5d9dfe48700854727ee31917d243,1e3e24b3c9e57f949d32b078d28edb93
SAMN02256320,SRR941808,PAIRED,fasp.sra.ebi.ac.uk:/vol1/fastq/SRR941/SRR941808/SRR941808_1.fastq.gz,fasp.sra.ebi.ac.uk:/vol1/fastq/SRR941/SRR941808/SRR941808_2.fastq.gz,922f16f27927c59626b673e80f2e8976,7bd09bf68c73597c9cc9194f64048659
SAMN02256320,SRR935614,PAIRED,fasp.sra.ebi.ac.uk:/vol1/fastq/SRR935/SRR935614/SRR935614_1.fastq.gz,fasp.sra.ebi.ac.uk:/vol1/fastq/SRR935/SRR935614/SRR935614_2.fastq.gz,426f75ad4e71caacb7cb39ab49bd1ab9,5d86e3be01d4e2336b9ea33c721b8d05
SAMN02256321,SRR935615,PAIRED,fasp.sra.ebi.ac.uk:/vol1/fastq/SRR935/SRR935615/SRR935615_1.fastq.gz,fasp.sra.ebi.ac.uk:/vol1/fastq/SRR935/SRR935615/SRR935615_2.fastq.gz,ac983dd0b8e9f6c1aa45fcb6faae889e,7a58168994a81d6f074ab6024fe0f805
SAMN02256321,SRR935619,PAIRED,fasp.sra.ebi.ac.uk:/vol1/fastq/SRR935/SRR935619/SRR935619_1.fastq.gz,fasp.sra.ebi.ac.uk:/vol1/fastq/SRR935/SRR935619/SRR935619_2.fastq.gz,6974d76bbb1582329a07a4ef42cdf484,cfc23cf5f1ff1a03e6f4b0b6334e68e5
SAMN02256321,SRR935601,PAIRED,fasp.sra.ebi.ac.uk:/vol1/fastq/SRR935/SRR935601/SRR935601_1.fastq.gz,fasp.sra.ebi.ac.uk:/vol1/fastq/SRR935/SRR935601/SRR935601_2.fastq.gz,48f567b65fe0ce789ad1319d13215322,202dd50e8119dc21722bdf0d9e08a6bd
SAMN02256321,SRR935608,PAIRED,fasp.sra.ebi.ac.uk:/vol1/fastq/SRR935/SRR935608/SRR935608_1.fastq.gz,fasp.sra.ebi.ac.uk:/vol1/fastq/SRR935/SRR935608/SRR935608_2.fastq.gz,427af00dc1147bca629852440971b813,1a4272ddf0edacc2894b72ff6ac1dd02
SAMN02256321,SRR941810,PAIRED,fasp.sra.ebi.ac.uk:/vol1/fastq/SRR941/SRR941810/SRR941810_1.fastq.gz,fasp.sra.ebi.ac.uk:/vol1/fastq/SRR941/SRR941810/SRR941810_2.fastq.gz,8f302ac198bf8d30d79469b24de0206c,c9cd1f59591de7569cbc11bd6c47ef7b
SAMN02256321,SRR941813,PAIRED,fasp.sra.ebi.ac.uk:/vol1/fastq/SRR941/SRR941813/SRR941813_1.fastq.gz,fasp.sra.ebi.ac.uk:/vol1/fastq/SRR941/SRR941813/SRR941813_2.fastq.gz,382b1c174d56cb77b67542ad2e3b0ef6,12efb9cd82153e132a231a466e322aba
SAMN02256315,SRR935628,PAIRED,fasp.sra.ebi.ac.uk:/vol1/fastq/SRR935/SRR935628/SRR935628_1.fastq.gz,fasp.sra.ebi.ac.uk:/vol1/fastq/SRR935/SRR935628/SRR935628_2.fastq.gz,3d51d41f3d6bf6c8cff82281122f1ebc,edf7b250b3db47a75ef16da46f418bb9
SAMN02256315,SRR935592,PAIRED,fasp.sra.ebi.ac.uk:/vol1/fastq/SRR935/SRR935592/SRR935592_1.fastq.gz,fasp.sra.ebi.ac.uk:/vol1/fastq/SRR935/SRR935592/SRR935592_2.fastq.gz,d57c5c4252effd0820391bdc472aa334,9e4877ee87ced872a11654b035c3801e
SAMN02256315,SRR935624,PAIRED,fasp.sra.ebi.ac.uk:/vol1/fastq/SRR935/SRR935624/SRR935624_1.fastq.gz,fasp.sra.ebi.ac.uk:/vol1/fastq/SRR935/SRR935624/SRR935624_2.fastq.gz,9fa8f0239fabbc45116f35727bf3b434,f38316b0f69e15f44a7e55c28ce1fada
SAMN02256315,SRR935595,PAIRED,fasp.sra.ebi.ac.uk:/vol1/fastq/SRR935/SRR935595/SRR935595_1.fastq.gz,fasp.sra.ebi.ac.uk:/vol1/fastq/SRR935/SRR935595/SRR935595_2.fastq.gz,0a9940374164e9ff37576292e63b85df,2efeeaa9f0b003b6566a86dc736fa835
SAMN02256322,SRR935617,PAIRED,fasp.sra.ebi.ac.uk:/vol1/fastq/SRR935/SRR935617/SRR935617_1.fastq.gz,fasp.sra.ebi.ac.uk:/vol1/fastq/SRR935/SRR935617/SRR935617_2.fastq.gz,d7b7d8a3bbeb783a67ac26b370fbc57a,068f6f97af4a97a7d81abf181ab6e820
SAMN02256322,SRR935602,PAIRED,fasp.sra.ebi.ac.uk:/vol1/fastq/SRR935/SRR935602/SRR935602_1.fastq.gz,fasp.sra.ebi.ac.uk:/vol1/fastq/SRR935/SRR935602/SRR935602_2.fastq.gz,8b5f4efd2c6b4461dbec32ac49525d1d,0bbc9fb6641017fcbb50975bc7cba6ee
SAMN02256322,SRR941814,PAIRED,fasp.sra.ebi.ac.uk:/vol1/fastq/SRR941/SRR941814/SRR941814_1.fastq.gz,fasp.sra.ebi.ac.uk:/vol1/fastq/SRR941/SRR941814/SRR941814_2.fastq.gz,fbf26302f2c3fe44e36a364496f9984f,67cad5153468bf6a273a51efade59d8b
SAMN02256322,SRR935609,PAIRED,fasp.sra.ebi.ac.uk:/vol1/fastq/SRR935/SRR935609/SRR935609_1.fastq.gz,fasp.sra.ebi.ac.uk:/vol1/fastq/SRR935/SRR935609/SRR935609_2.fastq.gz,eb287f7c0a4f9a0d32ce5e17e670c46e,7fa834efd7d2d9ef6870b54cd84eca4f
SAMN02256322,SRR941811,PAIRED,fasp.sra.ebi.ac.uk:/vol1/fastq/SRR941/SRR941811/SRR941811_1.fastq.gz,fasp.sra.ebi.ac.uk:/vol1/fastq/SRR941/SRR941811/SRR941811_2.fastq.gz,93ca893bc8106f2c507e37747ea93c9e,3ea5761c6a93df8ee5d9ff7e75195eed
SAMN02256322,SRR935616,PAIRED,fasp.sra.ebi.ac.uk:/vol1/fastq/SRR935/SRR935616/SRR935616_1.fastq.gz,fasp.sra.ebi.ac.uk:/vol1/fastq/SRR935/SRR935616/SRR935616_2.fastq.gz,0160ef5d4e59d4de9753e13fa2affa85,693bb4a717a5de25c943c1c8c94e18ac
SAMN02256314,SRR935625,PAIRED,fasp.sra.ebi.ac.uk:/vol1/fastq/SRR935/SRR935625/SRR935625_1.fastq.gz,fasp.sra.ebi.ac.uk:/vol1/fastq/SRR935/SRR935625/SRR935625_2.fastq.gz,80fc35b5b9e6b5286d56d111c0ec8ee8,c2151059b546932849d333352adea36b
SAMN02256314,SRR935627,PAIRED,fasp.sra.ebi.ac.uk:/vol1/fastq/SRR935/SRR935627/SRR935627_1.fastq.gz,fasp.sra.ebi.ac.uk:/vol1/fastq/SRR935/SRR935627/SRR935627_2.fastq.gz,4fce6efa020f9a159dc26d63baf8a4bd,93d37c9fccd6c4ed14092abbd113b63e
SAMN02256314,SRR935591,PAIRED,fasp.sra.ebi.ac.uk:/vol1/fastq/SRR935/SRR935591/SRR935591_1.fastq.gz,fasp.sra.ebi.ac.uk:/vol1/fastq/SRR935/SRR935591/SRR935591_2.fastq.gz,df41ebec691f9bb5f969bce420006af2,16345a638415228c0c3085663bc1f71c
SAMN02231736,SRR933764,PAIRED,fasp.sra.ebi.ac.uk:/vol1/fastq/SRR933/SRR933764/SRR933764_1.fastq.gz,fasp.sra.ebi.ac.uk:/vol1/fastq/SRR933/SRR933764/SRR933764_2.fastq.gz,27480aeb23c5699c2263495b325af008,80ba7ae4db69bc7a18d0c890be156ec1
SAMN02231733,SRR933734,PAIRED,fasp.sra.ebi.ac.uk:/vol1/fastq/SRR933/SRR933734/SRR933734_1.fastq.gz,fasp.sra.ebi.ac.uk:/vol1/fastq/SRR933/SRR933734/SRR933734_2.fastq.gz,1871f00ce503b8ceebefacfb1a2cd579,579a4f6ab8f311dc0a6b05652c5980b4
SAMN02231733,SRR933763,PAIRED,fasp.sra.ebi.ac.uk:/vol1/fastq/SRR933/SRR933763/SRR933763_1.fastq.gz,fasp.sra.ebi.ac.uk:/vol1/fastq/SRR933/SRR933763/SRR933763_2.fastq.gz,b98ca8ac65626f16182eb699fc985184,840dfff54325b7954dab7e349220df41
SAMN02231733,SRR933733,PAIRED,fasp.sra.ebi.ac.uk:/vol1/fastq/SRR933/SRR933733/SRR933733_1.fastq.gz,fasp.sra.ebi.ac.uk:/vol1/fastq/SRR933/SRR933733/SRR933733_2.fastq.gz,80850fc836ea247ec1aee6581b1d82dd,550a8ab4630755fc79ee9088e343d66b
SAMN02231733,SRR933765,PAIRED,fasp.sra.ebi.ac.uk:/vol1/fastq/SRR933/SRR933765/SRR933765_1.fastq.gz,fasp.sra.ebi.ac.uk:/vol1/fastq/SRR933/SRR933765/SRR933765_2.fastq.gz,1e744eb052d62b370b785cdf086a17e7,8966b79af36e34ed2f567c6f5f4b3c88
SAMN02231733,SRR933766,PAIRED,fasp.sra.ebi.ac.uk:/vol1/fastq/SRR933/SRR933766/SRR933766_1.fastq.gz,fasp.sra.ebi.ac.uk:/vol1/fastq/SRR933/SRR933766/SRR933766_2.fastq.gz,273955d7ecd9eb5c5b427cdb79195df5,c3639463d822943e9d0923db007186e6
SAMN02231733,SRR933746,PAIRED,fasp.sra.ebi.ac.uk:/vol1/fastq/SRR933/SRR933746/SRR933746_1.fastq.gz,fasp.sra.ebi.ac.uk:/vol1/fastq/SRR933/SRR933746/SRR933746_2.fastq.gz,b56364675c740d76a9dfb4965cd2b430,7de6280f77148428815873a389626332
SAMN02256313,SRR935593,PAIRED,fasp.sra.ebi.ac.uk:/vol1/fastq/SRR935/SRR935593/SRR935593_1.fastq.gz,fasp.sra.ebi.ac.uk:/vol1/fastq/SRR935/SRR935593/SRR935593_2.fastq.gz,1369a878e2f13113a56b9972b69fc038,b0e9d395cc58260a53ce1a43310bb157
SAMN02256313,SRR935590,PAIRED,fasp.sra.ebi.ac.uk:/vol1/fastq/SRR935/SRR935590/SRR935590_1.fastq.gz,fasp.sra.ebi.ac.uk:/vol1/fastq/SRR935/SRR935590/SRR935590_2.fastq.gz,6edd9150a9398f4c2db9aa2ef550c7a7,4243aaea4383c5ccc098c583931fb463
SAMN02256313,SRR935626,PAIRED,fasp.sra.ebi.ac.uk:/vol1/fastq/SRR935/SRR935626/SRR935626_1.fastq.gz,fasp.sra.ebi.ac.uk:/vol1/fastq/SRR935/SRR935626/SRR935626_2.fastq.gz,fa9836441e08818eb61fd32cea316ef1,0f0e21538d98fc672a5f5bd12945a4dd
SAMN02256313,SRR935594,PAIRED,fasp.sra.ebi.ac.uk:/vol1/fastq/SRR935/SRR935594/SRR935594_1.fastq.gz,fasp.sra.ebi.ac.uk:/vol1/fastq/SRR935/SRR935594/SRR935594_2.fastq.gz,fd42bd7e501876422b37a2efaf9ce0f4,1d77fcd28b320d0c17617f93881f07c5
SAMN02261880,SRR942284,PAIRED,fasp.sra.ebi.ac.uk:/vol1/fastq/SRR942/SRR942284/SRR942284_1.fastq.gz,fasp.sra.ebi.ac.uk:/vol1/fastq/SRR942/SRR942284/SRR942284_2.fastq.gz,1f39fee43e856e331d98189609b620e0,e38ea8e4356004c6f5632b79197add16
SAMN02261880,SRR942285,PAIRED,fasp.sra.ebi.ac.uk:/vol1/fastq/SRR942/SRR942285/SRR942285_1.fastq.gz,fasp.sra.ebi.ac.uk:/vol1/fastq/SRR942/SRR942285/SRR942285_2.fastq.gz,287b6f730288b8788df7c98ebef34997,d7a87ba46d9945597d82ced5ae91c0d0
SAMN02261880,SRR947747,PAIRED,fasp.sra.ebi.ac.uk:/vol1/fastq/SRR947/SRR947747/SRR947747_1.fastq.gz,fasp.sra.ebi.ac.uk:/vol1/fastq/SRR947/SRR947747/SRR947747_2.fastq.gz,948fe9f42419a78f81de37a91183bb80,d5d3dcab071deaef52646170b3a3bf5e
SAMN02261811,SRR942290,PAIRED,fasp.sra.ebi.ac.uk:/vol1/fastq/SRR942/SRR942290/SRR942290_1.fastq.gz,fasp.sra.ebi.ac.uk:/vol1/fastq/SRR942/SRR942290/SRR942290_2.fastq.gz,74cfd499a271d4a4cf3b775f46d2875c,d7dc9baa4c36b9bf54f94e7c1262e061
SAMN02261811,SRR942203,PAIRED,fasp.sra.ebi.ac.uk:/vol1/fastq/SRR942/SRR942203/SRR942203_1.fastq.gz,fasp.sra.ebi.ac.uk:/vol1/fastq/SRR942/SRR942203/SRR942203_2.fastq.gz,06a55927482652a404583de2ed47d8a4,4b7d35bebe290474106bac0178905251
SAMN02261811,SRR942298,PAIRED,fasp.sra.ebi.ac.uk:/vol1/fastq/SRR942/SRR942298/SRR942298_1.fastq.gz,fasp.sra.ebi.ac.uk:/vol1/fastq/SRR942/SRR942298/SRR942298_2.fastq.gz,ecd7ecc46065247c960155a7ad1d6a9c,9f49a40bba2254dfa16549b078f53e74
SAMN02261871,SRR942277,PAIRED,fasp.sra.ebi.ac.uk:/vol1/fastq/SRR942/SRR942277/SRR942277_1.fastq.gz,fasp.sra.ebi.ac.uk:/vol1/fastq/SRR942/SRR942277/SRR942277_2.fastq.gz,fc1da92395d7154602988d5dbbd15396,4612ee7369245575dabec6d02b481205
SAMN02261871,SRR942266,PAIRED,fasp.sra.ebi.ac.uk:/vol1/fastq/SRR942/SRR942266/SRR942266_1.fastq.gz,fasp.sra.ebi.ac.uk:/vol1/fastq/SRR942/SRR942266/SRR942266_2.fastq.gz,5c47f7b3ac3655e0fce5c66a07f9ea44,a7b15aeaceb8c24b7468a2f6d8d5bc82
SAMN02261871,SRR942276,PAIRED,fasp.sra.ebi.ac.uk:/vol1/fastq/SRR942/SRR942276/SRR942276_1.fastq.gz,fasp.sra.ebi.ac.uk:/vol1/fastq/SRR942/SRR942276/SRR942276_2.fastq.gz,5b867a7f93840bbdac59d084f0bc3ba0,b0433ee1a8c36434d5ba8ae451595d4d
SAMN02261870,SRR942281,PAIRED,fasp.sra.ebi.ac.uk:/vol1/fastq/SRR942/SRR942281/SRR942281_1.fastq.gz,fasp.sra.ebi.ac.uk:/vol1/fastq/SRR942/SRR942281/SRR942281_2.fastq.gz,2992c225901e768ebdbdbfa655f5d8f3,d34064bf8908507405df2a9844b20e79
SAMN02261870,SRR942265,PAIRED,fasp.sra.ebi.ac.uk:/vol1/fastq/SRR942/SRR942265/SRR942265_1.fastq.gz,fasp.sra.ebi.ac.uk:/vol1/fastq/SRR942/SRR942265/SRR942265_2.fastq.gz,8aae6da1132541b25cf405369bb63198,0f66d832a2f4d3a55134438cedff9927
SAMN02261870,SRR942282,PAIRED,fasp.sra.ebi.ac.uk:/vol1/fastq/SRR942/SRR942282/SRR942282_1.fastq.gz,fasp.sra.ebi.ac.uk:/vol1/fastq/SRR942/SRR942282/SRR942282_2.fastq.gz,c04a4b58c4ff3ce07fd3fe90c47736ed,c9874d1b00ca56fe6217955464eb98c0
SAMN02261868,SRR942283,PAIRED,fasp.sra.ebi.ac.uk:/vol1/fastq/SRR942/SRR942283/SRR942283_1.fastq.gz,fasp.sra.ebi.ac.uk:/vol1/fastq/SRR942/SRR942283/SRR942283_2.fastq.gz,bcc9b0017be19904a5d9c5a80eb38c5d,2e604bd6e3c3f21ce8b87d90bea8845d
SAMN02261868,SRR942263,PAIRED,fasp.sra.ebi.ac.uk:/vol1/fastq/SRR942/SRR942263/SRR942263_1.fastq.gz,fasp.sra.ebi.ac.uk:/vol1/fastq/SRR942/SRR942263/SRR942263_2.fastq.gz,39ed952131040bb27b1008ea54a6a29e,b17bc66aa542be98359c0c3a4132726c
SAMN02261868,SRR942309,PAIRED,fasp.sra.ebi.ac.uk:/vol1/fastq/SRR942/SRR942309/SRR942309_1.fastq.gz,fasp.sra.ebi.ac.uk:/vol1/fastq/SRR942/SRR942309/SRR942309_2.fastq.gz,f208e17050d7961cc777ea031d5af90e,f4806f10ac994ac514c749bb42dbd581
SAMN02261854,SRR942304,PAIRED,fasp.sra.ebi.ac.uk:/vol1/fastq/SRR942/SRR942304/SRR942304_1.fastq.gz,fasp.sra.ebi.ac.uk:/vol1/fastq/SRR942/SRR942304/SRR942304_2.fastq.gz,3c12d6af3205169fca4c8f97935ed1b8,9aaf9583fb86491ebb0e5ae82a984dcb
SAMN02261854,SRR942303,PAIRED,fasp.sra.ebi.ac.uk:/vol1/fastq/SRR942/SRR942303/SRR942303_1.fastq.gz,fasp.sra.ebi.ac.uk:/vol1/fastq/SRR942/SRR942303/SRR942303_2.fastq.gz,3fcd8d8cbf23b8bd324c85a3afb37c4e,ed35a4fefb606de44b132dea22b276b3
SAMN02261854,SRR942249,PAIRED,fasp.sra.ebi.ac.uk:/vol1/fastq/SRR942/SRR942249/SRR942249_1.fastq.gz,fasp.sra.ebi.ac.uk:/vol1/fastq/SRR942/SRR942249/SRR942249_2.fastq.gz,0a9e69f992b8a87b21777719988b14ad,04e3116fc68955f0293364d64155ffd6
SAMN02261878,SRR942275,PAIRED,fasp.sra.ebi.ac.uk:/vol1/fastq/SRR942/SRR942275/SRR942275_1.fastq.gz,fasp.sra.ebi.ac.uk:/vol1/fastq/SRR942/SRR942275/SRR942275_2.fastq.gz,1b56db7d00ebbca9831c15ed9522d5ad,9c4b46ad42fda6d01f4dbc514cb68fc1
SAMN02261878,SRR942273,PAIRED,fasp.sra.ebi.ac.uk:/vol1/fastq/SRR942/SRR942273/SRR942273_1.fastq.gz,fasp.sra.ebi.ac.uk:/vol1/fastq/SRR942/SRR942273/SRR942273_2.fastq.gz,26d81d6e609c6fb79afccddaedb0e421,9f35963624bf3d5caa246b87be9e455d
SAMN02261878,SRR942286,PAIRED,fasp.sra.ebi.ac.uk:/vol1/fastq/SRR942/SRR942286/SRR942286_1.fastq.gz,fasp.sra.ebi.ac.uk:/vol1/fastq/SRR942/SRR942286/SRR942286_2.fastq.gz,8aae6b29ab8f7b06427f7c29147e26bc,5930d405e1c56fd52b154424bd3d3a9b
SAMN02261819,SRR942211,PAIRED,fasp.sra.ebi.ac.uk:/vol1/fastq/SRR942/SRR942211/SRR942211_1.fastq.gz,fasp.sra.ebi.ac.uk:/vol1/fastq/SRR942/SRR942211/SRR942211_2.fastq.gz,4bc5bd23f50e2a46d0f7d243c37afab5,338722fa5b9f05468ca962e6faeced81
SAMN02261819,SRR942287,PAIRED,fasp.sra.ebi.ac.uk:/vol1/fastq/SRR942/SRR942287/SRR942287_1.fastq.gz,fasp.sra.ebi.ac.uk:/vol1/fastq/SRR942/SRR942287/SRR942287_2.fastq.gz,2752d992fa361373187015d0d354a2c2,ebf4187cc847a92fe6f8cd96c2a4e233
SAMN02261819,SRR942295,PAIRED,fasp.sra.ebi.ac.uk:/vol1/fastq/SRR942/SRR942295/SRR942295_1.fastq.gz,fasp.sra.ebi.ac.uk:/vol1/fastq/SRR942/SRR942295/SRR942295_2.fastq.gz,8f8bebf6266ac90cd6ece15bf6c11e47,edd646674411826166d3163cc49b8009
SAMN02261821,SRR942213,PAIRED,fasp.sra.ebi.ac.uk:/vol1/fastq/SRR942/SRR942213/SRR942213_1.fastq.gz,fasp.sra.ebi.ac.uk:/vol1/fastq/SRR942/SRR942213/SRR942213_2.fastq.gz,eabbb2614b2753bd0a6fc84b4acec3f1,82562466c9433772f882952e97ac0369
SAMN02261821,SRR942288,PAIRED,fasp.sra.ebi.ac.uk:/vol1/fastq/SRR942/SRR942288/SRR942288_1.fastq.gz,fasp.sra.ebi.ac.uk:/vol1/fastq/SRR942/SRR942288/SRR942288_2.fastq.gz,128e897e5ed5031cb1dc181694750feb,06309e98cee4e1be5dea4d197fa3a8e8
SAMN02261821,SRR942296,PAIRED,fasp.sra.ebi.ac.uk:/vol1/fastq/SRR942/SRR942296/SRR942296_1.fastq.gz,fasp.sra.ebi.ac.uk:/vol1/fastq/SRR942/SRR942296/SRR942296_2.fastq.gz,9377aaa091e71835840cc384db21206f,89618d5cf7b69fbad3a0e9c7bc92a39e
SAMN02261805,SRR942197,PAIRED,fasp.sra.ebi.ac.uk:/vol1/fastq/SRR942/SRR942197/SRR942197_1.fastq.gz,fasp.sra.ebi.ac.uk:/vol1/fastq/SRR942/SRR942197/SRR942197_2.fastq.gz,b8335bc672068a12547f1b7934c97944,190ad1ead007c0f8f8565974ac2f2864
SAMN02261805,SRR942297,PAIRED,fasp.sra.ebi.ac.uk:/vol1/fastq/SRR942/SRR942297/SRR942297_1.fastq.gz,fasp.sra.ebi.ac.uk:/vol1/fastq/SRR942/SRR942297/SRR942297_2.fastq.gz,18d3814a324384cf7288fb61529a1cc1,cf542dff78d8db84727099ccead1aea4
SAMN02261805,SRR942289,PAIRED,fasp.sra.ebi.ac.uk:/vol1/fastq/SRR942/SRR942289/SRR942289_1.fastq.gz,fasp.sra.ebi.ac.uk:/vol1/fastq/SRR942/SRR942289/SRR942289_2.fastq.gz,21fb08aa5ca26e5368b31862caa7c752,cc3eda47bdf38189b621a1897960a32f
SAMN02261826,SRR942291,PAIRED,fasp.sra.ebi.ac.uk:/vol1/fastq/SRR942/SRR942291/SRR942291_1.fastq.gz,fasp.sra.ebi.ac.uk:/vol1/fastq/SRR942/SRR942291/SRR942291_2.fastq.gz,4e0c9789fcbe34616ce48cfbac2f1273,aa7125eec5898d4d7c3d1f7b98a03115
SAMN02261826,SRR942218,PAIRED,fasp.sra.ebi.ac.uk:/vol1/fastq/SRR942/SRR942218/SRR942218_1.fastq.gz,fasp.sra.ebi.ac.uk:/vol1/fastq/SRR942/SRR942218/SRR942218_2.fastq.gz,5c325275b5a428c4ced0997b96fa521a,d26fa5b54ef021cb4fb80ccf6f0242d4
SAMN02261826,SRR942299,PAIRED,fasp.sra.ebi.ac.uk:/vol1/fastq/SRR942/SRR942299/SRR942299_1.fastq.gz,fasp.sra.ebi.ac.uk:/vol1/fastq/SRR942/SRR942299/SRR942299_2.fastq.gz,1fc9649eff25d458e25d2e3fa21f06d2,8e66f098b29706c432eb6c73c5e83aed
SAMN02261858,SRR942279,PAIRED,fasp.sra.ebi.ac.uk:/vol1/fastq/SRR942/SRR942279/SRR942279_1.fastq.gz,fasp.sra.ebi.ac.uk:/vol1/fastq/SRR942/SRR942279/SRR942279_2.fastq.gz,113732c99e91cd51085d21397c7eef11,550aa99cef814e1ff12d2de792ad95f4
SAMN02261858,SRR942253,PAIRED,fasp.sra.ebi.ac.uk:/vol1/fastq/SRR942/SRR942253/SRR942253_1.fastq.gz,fasp.sra.ebi.ac.uk:/vol1/fastq/SRR942/SRR942253/SRR942253_2.fastq.gz,d109f608633aa05cc28a780e9732e346,76f289d21d0afd90e9484c9568b0eab7
SAMN02261858,SRR942278,PAIRED,fasp.sra.ebi.ac.uk:/vol1/fastq/SRR942/SRR942278/SRR942278_1.fastq.gz,fasp.sra.ebi.ac.uk:/vol1/fastq/SRR942/SRR942278/SRR942278_2.fastq.gz,d2953d1f8903ca10e7770ce2ae4d7e97,990e1344a7c735527fa07b02d0b7448e
SAMN02231732,SRR933726,PAIRED,fasp.sra.ebi.ac.uk:/vol1/fastq/SRR933/SRR933726/SRR933726_1.fastq.gz,fasp.sra.ebi.ac.uk:/vol1/fastq/SRR933/SRR933726/SRR933726_2.fastq.gz,2df0453b5aceac45d61ed1414a7f0e00,593fd455f8fa426164708d0d68f97f4d
SAMN02231732,SRR933751,PAIRED,fasp.sra.ebi.ac.uk:/vol1/fastq/SRR933/SRR933751/SRR933751_1.fastq.gz,fasp.sra.ebi.ac.uk:/vol1/fastq/SRR933/SRR933751/SRR933751_2.fastq.gz,65c0a536744cd6348cd5ffdfa3654385,22fc2096c7581642226139334c51f8ef
SAMN02231732,SRR933745,PAIRED,fasp.sra.ebi.ac.uk:/vol1/fastq/SRR933/SRR933745/SRR933745_1.fastq.gz,fasp.sra.ebi.ac.uk:/vol1/fastq/SRR933/SRR933745/SRR933745_2.fastq.gz,9f6121d0238559eb48639204d3d58016,14a9f0588c04638df44c352aca30461e
SAMN02231732,SRR933750,PAIRED,fasp.sra.ebi.ac.uk:/vol1/fastq/SRR933/SRR933750/SRR933750_1.fastq.gz,fasp.sra.ebi.ac.uk:/vol1/fastq/SRR933/SRR933750/SRR933750_2.fastq.gz,b439e3d070643de90c593868a5ccea55,13fb0a4fcea6ae9108cd7bebbb4efc88
SAMN02261865,SRR942301,PAIRED,fasp.sra.ebi.ac.uk:/vol1/fastq/SRR942/SRR942301/SRR942301_1.fastq.gz,fasp.sra.ebi.ac.uk:/vol1/fastq/SRR942/SRR942301/SRR942301_2.fastq.gz,df27b2c56a28ec6e02c48471880d63ea,3e65c097cd92ede327d1f4ff6fc12bd9
SAMN02261865,SRR942260,PAIRED,fasp.sra.ebi.ac.uk:/vol1/fastq/SRR942/SRR942260/SRR942260_1.fastq.gz,fasp.sra.ebi.ac.uk:/vol1/fastq/SRR942/SRR942260/SRR942260_2.fastq.gz,fad147570487daccd9318f41d023bea0,5c3a200137fbcc3aa9804e7da067d11a
SAMN02261865,SRR942293,PAIRED,fasp.sra.ebi.ac.uk:/vol1/fastq/SRR942/SRR942293/SRR942293_1.fastq.gz,fasp.sra.ebi.ac.uk:/vol1/fastq/SRR942/SRR942293/SRR942293_2.fastq.gz,9c83e32f93b7174716fe282a67e9ca59,56c1dabcf9e414b2c2da46e7cf5dc565
SAMN02261851,SRR942246,PAIRED,fasp.sra.ebi.ac.uk:/vol1/fastq/SRR942/SRR942246/SRR942246_1.fastq.gz,fasp.sra.ebi.ac.uk:/vol1/fastq/SRR942/SRR942246/SRR942246_2.fastq.gz,294b4b7408d3fe085af6477895f319e4,d13ab4ff3c15b3254e8e9c0036cd5f74
SAMN02261851,SRR942305,PAIRED,fasp.sra.ebi.ac.uk:/vol1/fastq/SRR942/SRR942305/SRR942305_1.fastq.gz,fasp.sra.ebi.ac.uk:/vol1/fastq/SRR942/SRR942305/SRR942305_2.fastq.gz,3f79825c1ebdad22e00290ab63849247,ed470058d77174da52a511236d91f8b6
SAMN02261851,SRR942306,PAIRED,fasp.sra.ebi.ac.uk:/vol1/fastq/SRR942/SRR942306/SRR942306_1.fastq.gz,fasp.sra.ebi.ac.uk:/vol1/fastq/SRR942/SRR942306/SRR942306_2.fastq.gz,da17183cea0f385373db5aead72a2c6f,1a6087d8536788dda062d9552c7cf0f8
SAMN02261853,SRR942307,PAIRED,fasp.sra.ebi.ac.uk:/vol1/fastq/SRR942/SRR942307/SRR942307_1.fastq.gz,fasp.sra.ebi.ac.uk:/vol1/fastq/SRR942/SRR942307/SRR942307_2.fastq.gz,34263fc906ff5a1388d9e0d7d5c3198f,0d32795f4cb43e83f0fd335d44bdc20c
SAMN02261853,SRR942248,PAIRED,fasp.sra.ebi.ac.uk:/vol1/fastq/SRR942/SRR942248/SRR942248_1.fastq.gz,fasp.sra.ebi.ac.uk:/vol1/fastq/SRR942/SRR942248/SRR942248_2.fastq.gz,788efd640e412a33d2a607f2a709b94e,b8354dfe7ebc5908a7d2cf1f6c71c140
SAMN02261853,SRR942308,PAIRED,fasp.sra.ebi.ac.uk:/vol1/fastq/SRR942/SRR942308/SRR942308_1.fastq.gz,fasp.sra.ebi.ac.uk:/vol1/fastq/SRR942/SRR942308/SRR942308_2.fastq.gz,bf8d764f491ca963fe7fa75313b62960,67273ff4e1cabdeea6ed86ab26744fc2
SAMN02261845,SRR942240,PAIRED,fasp.sra.ebi.ac.uk:/vol1/fastq/SRR942/SRR942240/SRR942240_1.fastq.gz,fasp.sra.ebi.ac.uk:/vol1/fastq/SRR942/SRR942240/SRR942240_2.fastq.gz,747d45edea1fd1e49d1793b3f335568f,e305a5f13f5234eee2035492ab4f3da4
SAMN02261845,SRR942302,PAIRED,fasp.sra.ebi.ac.uk:/vol1/fastq/SRR942/SRR942302/SRR942302_1.fastq.gz,fasp.sra.ebi.ac.uk:/vol1/fastq/SRR942/SRR942302/SRR942302_2.fastq.gz,af468db3e342b1d7c3934708634a1b05,6f60039df8f5fb18b66e0d5f68a31b09
SAMN02261845,SRR942294,PAIRED,fasp.sra.ebi.ac.uk:/vol1/fastq/SRR942/SRR942294/SRR942294_1.fastq.gz,fasp.sra.ebi.ac.uk:/vol1/fastq/SRR942/SRR942294/SRR942294_2.fastq.gz,a82d9c64de63de6af1a090fc88b99201,ea6df5bcbbc3f1c05d37a59a633a82b8
SAMN02261840,SRR942235,PAIRED,fasp.sra.ebi.ac.uk:/vol1/fastq/SRR942/SRR942235/SRR942235_1.fastq.gz,fasp.sra.ebi.ac.uk:/vol1/fastq/SRR942/SRR942235/SRR942235_2.fastq.gz,847f0bc74a36214a5c51a8125767a770,69d2059a021e70621b75526461ec45b2
SAMN02261840,SRR942280,PAIRED,fasp.sra.ebi.ac.uk:/vol1/fastq/SRR942/SRR942280/SRR942280_1.fastq.gz,fasp.sra.ebi.ac.uk:/vol1/fastq/SRR942/SRR942280/SRR942280_2.fastq.gz,7fdd9605c18dc36399a04fd8730435e1,a13fc793acce00d567f9e1b29a4db63b
SAMN02261840,SRR942310,PAIRED,fasp.sra.ebi.ac.uk:/vol1/fastq/SRR942/SRR942310/SRR942310_1.fastq.gz,fasp.sra.ebi.ac.uk:/vol1/fastq/SRR942/SRR942310/SRR942310_2.fastq.gz,daa4ef98e18bed3ca1a866d9b3304555,49b588948dff3b6bfa8f24e92098b69d
SAMN01057689,SRR518717,PAIRED,fasp.sra.ebi.ac.uk:/vol1/fastq/SRR518/SRR518717/SRR518717_1.fastq.gz,fasp.sra.ebi.ac.uk:/vol1/fastq/SRR518/SRR518717/SRR518717_2.fastq.gz,3c2abfb40cc5f3556bc811774e0efa45,f84e60b636f899e104ea8830c886f89b
SAMN01057691,SRR518723,PAIRED,fasp.sra.ebi.ac.uk:/vol1/fastq/SRR518/SRR518723/SRR518723_1.fastq.gz,fasp.sra.ebi.ac.uk:/vol1/fastq/SRR518/SRR518723/SRR518723_2.fastq.gz,d3043bfa7ef4fe218d56c368dd074592,7e3700aae3f85fea1c8b5cd14cc7cdfa
SAMN01057688,SRR518710,PAIRED,fasp.sra.ebi.ac.uk:/vol1/fastq/SRR518/SRR518710/SRR518710_1.fastq.gz,fasp.sra.ebi.ac.uk:/vol1/fastq/SRR518/SRR518710/SRR518710_2.fastq.gz,136449e981bca3345ddeb233209c65fa,88529a6488f3050d337be3e013b8e33d
SAMN01057688,SRR518711,PAIRED,fasp.sra.ebi.ac.uk:/vol1/fastq/SRR518/SRR518711/SRR518711_1.fastq.gz,fasp.sra.ebi.ac.uk:/vol1/fastq/SRR518/SRR518711/SRR518711_2.fastq.gz,165f6cdf65fda52eabf92024068fc266,0fc12e44cd5035d3740e3f0bd9729fb7
SAMN01057690,SRR518712,PAIRED,fasp.sra.ebi.ac.uk:/vol1/fastq/SRR518/SRR518712/SRR518712_1.fastq.gz,fasp.sra.ebi.ac.uk:/vol1/fastq/SRR518/SRR518712/SRR518712_2.fastq.gz,bff26d7d6836f9441480646dc90b2bf5,b0e2dcd8e50d54148b4672a4eed7071e
SAMN01057690,SRR518713,PAIRED,fasp.sra.ebi.ac.uk:/vol1/fastq/SRR518/SRR518713/SRR518713_1.fastq.gz,fasp.sra.ebi.ac.uk:/vol1/fastq/SRR518/SRR518713/SRR518713_2.fastq.gz,12120efefb33b64930f733831e6bbeae,6e5e5aacc58b8f91ad5fd1503a91eae1
SAMN01057666,SRR518686,PAIRED,fasp.sra.ebi.ac.uk:/vol1/fastq/SRR518/SRR518686/SRR518686_1.fastq.gz,fasp.sra.ebi.ac.uk:/vol1/fastq/SRR518/SRR518686/SRR518686_2.fastq.gz,073ad608fa0085ce815b556230cd1c50,5c69656136b98795bd8a4f0f2d049227
SAMN01057666,SRR518687,PAIRED,fasp.sra.ebi.ac.uk:/vol1/fastq/SRR518/SRR518687/SRR518687_1.fastq.gz,fasp.sra.ebi.ac.uk:/vol1/fastq/SRR518/SRR518687/SRR518687_2.fastq.gz,283a5b293d095a762cbd2581568bfa9c,edbb2e74cdffe7754227e4d099ebb937
SAMN01057636,SRR518661,PAIRED,fasp.sra.ebi.ac.uk:/vol1/fastq/SRR518/SRR518661/SRR518661_1.fastq.gz,fasp.sra.ebi.ac.uk:/vol1/fastq/SRR518/SRR518661/SRR518661_2.fastq.gz,415d2e3c5853fe526dff60268f50d7a3,0db6dfaa678c926d80a9c2dfe439cb9d
SAMN01057636,SRR518662,PAIRED,fasp.sra.ebi.ac.uk:/vol1/fastq/SRR518/SRR518662/SRR518662_1.fastq.gz,fasp.sra.ebi.ac.uk:/vol1/fastq/SRR518/SRR518662/SRR518662_2.fastq.gz,e3dbd43aa698a60c6d184786a9c8613a,b1ec686d8ccedf530a2125ad734258e2
SAMN09907428,SRR7758718,PAIRED,fasp.sra.ebi.ac.uk:/vol1/fastq/SRR775/008/SRR7758718/SRR7758718_1.fastq.gz,fasp.sra.ebi.ac.uk:/vol1/fastq/SRR775/008/SRR7758718/SRR7758718_2.fastq.gz,bedf67363bd2a274e8084327369001e1,be8435b1265c84a0905c2e4661d1e200
